Rank,Type,Index,Importance,Base_Count,Base_Indices,Covered_Modsites,Coverage_Ratio,Covered_Modsite_Indices
1,stem,49,0.06046903505921364,10,"[667, 679, 668, 678, 669, 677, 670, 676, 671, 675]",0,0.0,[]
2,stem,47,0.04855261743068695,8,"[646, 656, 647, 655, 648, 654, 649, 653]",0,0.0,[]
3,stem,2,0.04424091428518295,6,"[49, 92, 50, 91, 51, 90]",0,0.0,[]
4,stem,39,0.044185884296894073,6,"[21, 551, 22, 550, 23, 549]",0,0.0,[]
5,stem,42,0.043944764882326126,8,"[4, 584, 5, 583, 6, 582, 7, 581]",1,0.07692307692307693,[581]
6,stem,1,0.04358353465795517,6,"[54, 84, 55, 83, 56, 82]",0,0.0,[]
7,stem,40,0.04347744584083557,12,"[12, 560, 13, 559, 14, 558, 15, 557, 16, 556, 17, 555]",0,0.0,[]
8,stem,36,0.042522914707660675,10,"[35, 529, 36, 528, 37, 527, 38, 526, 39, 525]",1,0.07692307692307693,[527]
9,stem,37,0.04218726232647896,8,"[30, 543, 31, 542, 32, 541, 33, 540]",0,0.0,[]
10,stem,35,0.042022787034511566,12,"[41, 523, 42, 522, 43, 521, 44, 520, 45, 519, 46, 518]",1,0.07692307692307693,[45]
11,stem,38,0.041579701006412506,8,"[25, 548, 26, 547, 27, 546, 28, 545]",0,0.0,[]
12,stem,48,0.04136724770069122,10,"[595, 661, 596, 660, 597, 659, 598, 658, 599, 657]",0,0.0,[]
13,stem,46,0.04135638847947121,4,"[624, 640, 625, 639]",0,0.0,[]
14,stem,43,0.041232720017433167,6,"[0, 588, 1, 587, 2, 586]",0,0.0,[]
15,stem,0,0.0381891205906868,12,"[61, 77, 62, 76, 63, 75, 64, 74, 65, 73, 66, 72]",0,0.0,[]
16,loop,0,0.03793711960315704,48,"[0, 588, 589, 590, 591, 592, 593, 594, 595, 661, 662, 663, 664, 665, 666, 667, 679, 680, 681, 682, 683, 684, 685, 686, 687, 688, 689, 690, 691, 692, 693, 694, 695, 696, 697, 698, 699, 700, 701, 702, 703, 704, 705, 706, 707, 708, 709, 710]",0,0.0,[]
17,loop,20,0.03774990886449814,25,"[181, 497, 182, 183, 184, 185, 186, 213, 214, 215, 434, 435, 436, 474, 475, 476, 477, 478, 479, 480, 481, 482, 494, 495, 496]",0,0.0,[]
18,loop,2,0.037063416093587875,14,"[7, 581, 8, 9, 10, 11, 12, 560, 561, 562, 563, 564, 565, 580]",2,0.15384615384615385,"[564, 581]"
19,loop,8,0.03687167167663574,30,"[46, 518, 47, 48, 49, 92, 93, 94, 95, 164, 165, 166, 167, 168, 169, 170, 171, 172, 506, 507, 508, 509, 510, 511, 512, 513, 514, 515, 516, 517]",2,0.15384615384615385,"[165, 513]"
20,loop,5,0.036655496805906296,6,"[28, 545, 29, 30, 543, 544]",0,0.0,[]
21,loop,45,0.035955287516117096,21,"[599, 657, 600, 601, 602, 617, 618, 619, 620, 621, 622, 623, 624, 640, 641, 642, 643, 644, 645, 646, 656]",0,0.0,[]
22,loop,4,0.035897042602300644,5,"[23, 549, 24, 25, 548]",0,0.0,[]
23,loop,6,0.035850267857313156,15,"[33, 540, 34, 35, 529, 530, 531, 532, 533, 534, 535, 536, 537, 538, 539]",1,0.07692307692307693,[538]
24,loop,32,0.035193201154470444,18,"[270, 367, 271, 272, 281, 282, 346, 347, 348, 349, 350, 351, 352, 353, 363, 364, 365, 366]",1,0.07692307692307693,[352]
25,loop,1,0.03499956429004669,6,"[2, 586, 3, 4, 584, 585]",0,0.0,[]
26,loop,50,0.03488258272409439,5,"[671, 675, 672, 673, 674]",0,0.0,[]
27,loop,43,0.03442654013633728,7,"[485, 491, 486, 487, 488, 489, 490]",0,0.0,[]
28,loop,3,0.034249499440193176,10,"[17, 555, 18, 19, 20, 21, 551, 552, 553, 554]",1,0.07692307692307693,[552]
29,loop,49,0.034049853682518005,5,"[649, 653, 650, 651, 652]",0,0.0,[]
30,loop,33,0.03375010937452316,6,"[274, 279, 275, 276, 277, 278]",0,0.0,[]
31,loop,44,0.0336688794195652,8,"[569, 576, 570, 571, 572, 573, 574, 575]",0,0.0,[]
32,loop,46,0.03320854529738426,8,"[606, 613, 607, 608, 609, 610, 611, 612]",1,0.07692307692307693,[606]
33,loop,39,0.03284340724349022,5,"[356, 360, 357, 358, 359]",0,0.0,[]
34,loop,11,0.032699521631002426,7,"[66, 72, 67, 68, 69, 70, 71]",0,0.0,[]
35,loop,48,0.032634247094392776,8,"[629, 636, 630, 631, 632, 633, 634, 635]",0,0.0,[]
36,loop,18,0.031652551144361496,8,"[127, 134, 128, 129, 130, 131, 132, 133]",0,0.0,[]
37,loop,42,0.03140799701213837,8,"[452, 459, 453, 454, 455, 456, 457, 458]",1,0.07692307692307693,[458]
38,loop,22,0.031407807022333145,10,"[195, 204, 196, 197, 198, 199, 200, 201, 202, 203]",0,0.0,[]
39,loop,38,0.03135687857866287,10,"[309, 318, 310, 311, 312, 313, 314, 315, 316, 317]",0,0.0,[]
40,loop,7,0.02957790344953537,6,"[39, 525, 40, 41, 523, 524]",0,0.0,[]
41,stem,45,0.028936585411429405,4,"[628, 637, 629, 636]",0,0.0,[]
42,stem,29,0.028399160131812096,4,"[451, 460, 452, 459]",0,0.0,[]
43,stem,7,0.028186991810798645,4,"[107, 154, 108, 153]",0,0.0,[]
44,stem,44,0.027834342792630196,10,"[602, 617, 603, 616, 604, 615, 605, 614, 606, 613]",1,0.07692307692307693,[606]
45,stem,30,0.026795055717229843,4,"[447, 463, 448, 462]",0,0.0,[]
46,stem,32,0.025656748563051224,8,"[482, 494, 483, 493, 484, 492, 485, 491]",0,0.0,[]
47,loop,13,0.025196293368935585,6,"[105, 156, 106, 107, 154, 155]",0,0.0,[]
48,stem,12,0.024829622358083725,6,"[272, 281, 273, 280, 274, 279]",0,0.0,[]
49,loop,19,0.024309344589710236,6,"[174, 504, 175, 176, 502, 503]",0,0.0,[]
50,stem,10,0.023334432393312454,8,"[192, 207, 193, 206, 194, 205, 195, 204]",0,0.0,[]
51,stem,41,0.023114724084734917,10,"[565, 580, 566, 579, 567, 578, 568, 577, 569, 576]",0,0.0,[]
52,stem,27,0.02310400828719139,6,"[220, 429, 221, 428, 222, 427]",0,0.0,[]
53,loop,14,0.023040931671857834,6,"[108, 153, 109, 110, 151, 152]",0,0.0,[]
54,stem,31,0.022856809198856354,20,"[436, 474, 437, 473, 438, 472, 439, 471, 440, 470, 441, 469, 442, 468, 443, 467, 444, 466, 445, 465]",1,0.07692307692307693,[439]
55,stem,33,0.022263091057538986,12,"[176, 502, 177, 501, 178, 500, 179, 499, 180, 498, 181, 497]",0,0.0,[]
56,stem,34,0.02222185954451561,6,"[172, 506, 173, 505, 174, 504]",1,0.07692307692307693,[505]
57,loop,10,0.022094745188951492,12,"[56, 82, 57, 58, 59, 60, 61, 77, 78, 79, 80, 81]",0,0.0,[]
58,loop,25,0.021881580352783203,8,"[226, 410, 227, 228, 406, 407, 408, 409]",0,0.0,[]
59,loop,24,0.021774858236312866,17,"[222, 427, 223, 413, 414, 415, 416, 417, 418, 419, 420, 421, 422, 423, 424, 425, 426]",0,0.0,[]
60,loop,15,0.02177216112613678,6,"[114, 147, 115, 116, 145, 146]",0,0.0,[]
61,loop,16,0.021715085953474045,6,"[121, 140, 122, 123, 138, 139]",0,0.0,[]
62,stem,13,0.021693700924515724,20,"[300, 327, 301, 326, 302, 325, 303, 324, 304, 323, 305, 322, 306, 321, 307, 320, 308, 319, 309, 318]",0,0.0,[]
63,stem,17,0.02143039181828499,4,"[282, 346, 283, 345]",0,0.0,[]
64,loop,26,0.021251797676086426,5,"[230, 404, 231, 232, 403]",0,0.0,[]
65,stem,11,0.02120085619390011,10,"[186, 213, 187, 212, 188, 211, 189, 210, 190, 209]",0,0.0,[]
66,loop,29,0.020985949784517288,10,"[253, 381, 254, 255, 256, 257, 258, 378, 379, 380]",0,0.0,[]
67,loop,37,0.020958302542567253,10,"[297, 332, 298, 299, 300, 327, 328, 329, 330, 331]",0,0.0,[]
68,loop,28,0.02092837169766426,6,"[249, 385, 250, 251, 383, 384]",0,0.0,[]
69,loop,30,0.020818036049604416,5,"[262, 374, 263, 264, 373]",0,0.0,[]
70,stem,8,0.02079378068447113,10,"[101, 160, 102, 159, 103, 158, 104, 157, 105, 156]",0,0.0,[]
71,stem,28,0.020734187215566635,8,"[215, 434, 216, 433, 217, 432, 218, 431]",0,0.0,[]
72,loop,27,0.020586632192134857,11,"[240, 395, 241, 242, 243, 244, 390, 391, 392, 393, 394]",0,0.0,[]
73,stem,14,0.02057250216603279,6,"[295, 334, 296, 333, 297, 332]",0,0.0,[]
74,loop,36,0.02037055417895317,8,"[292, 337, 293, 294, 295, 334, 335, 336]",0,0.0,[]
75,loop,17,0.02028593420982361,6,"[125, 136, 126, 127, 134, 135]",0,0.0,[]
76,stem,24,0.020108606666326523,18,"[232, 403, 233, 402, 234, 401, 235, 400, 236, 399, 237, 398, 238, 397, 239, 396, 240, 395]",0,0.0,[]
77,stem,16,0.020006408914923668,4,"[285, 343, 286, 342]",0,0.0,[]
78,stem,21,0.0199704859405756,10,"[258, 378, 259, 377, 260, 376, 261, 375, 262, 374]",0,0.0,[]
79,loop,23,0.019960615783929825,6,"[218, 431, 219, 220, 429, 430]",0,0.0,[]
80,stem,3,0.019892511889338493,2,"[127, 134]",0,0.0,[]
81,stem,6,0.019787130877375603,10,"[110, 151, 111, 150, 112, 149, 113, 148, 114, 147]",0,0.0,[]
82,loop,35,0.01962265744805336,5,"[286, 342, 287, 288, 341]",0,0.0,[]
83,loop,9,0.019612614065408707,11,"[51, 90, 52, 53, 54, 84, 85, 86, 87, 88, 89]",0,0.0,[]
84,stem,22,0.0195908360183239,6,"[251, 383, 252, 382, 253, 381]",0,0.0,[]
85,loop,47,0.019575586542487144,7,"[625, 639, 626, 627, 628, 637, 638]",0,0.0,[]
86,loop,12,0.01938970386981964,6,"[98, 161, 99, 100, 101, 160]",0,0.0,[]
87,loop,40,0.019368834793567657,6,"[445, 465, 446, 447, 463, 464]",0,0.0,[]
88,loop,34,0.019340410828590393,6,"[283, 345, 284, 285, 343, 344]",0,0.0,[]
89,loop,31,0.019319526851177216,6,"[266, 371, 267, 268, 369, 370]",0,0.0,[]
90,loop,21,0.019150901585817337,6,"[190, 209, 191, 192, 207, 208]",0,0.0,[]
91,stem,15,0.019136007875204086,10,"[288, 341, 289, 340, 290, 339, 291, 338, 292, 337]",0,0.0,[]
92,stem,25,0.019062552601099014,6,"[228, 406, 229, 405, 230, 404]",0,0.0,[]
93,stem,20,0.018663056194782257,6,"[264, 373, 265, 372, 266, 371]",0,0.0,[]
94,stem,26,0.01861388608813286,8,"[223, 413, 224, 412, 225, 411, 226, 410]",0,0.0,[]
95,stem,19,0.018483377993106842,6,"[268, 369, 269, 368, 270, 367]",0,0.0,[]
96,stem,4,0.018374869599938393,6,"[123, 138, 124, 137, 125, 136]",0,0.0,[]
97,stem,18,0.01798897609114647,8,"[353, 363, 354, 362, 355, 361, 356, 360]",0,0.0,[]
98,stem,23,0.017820002511143684,12,"[244, 390, 245, 389, 246, 388, 247, 387, 248, 386, 249, 385]",0,0.0,[]
99,stem,5,0.017737241461873055,12,"[116, 145, 117, 144, 118, 143, 119, 142, 120, 141, 121, 140]",0,0.0,[]
100,stem,9,0.017735963687300682,8,"[95, 164, 96, 163, 97, 162, 98, 161]",0,0.0,[]
101,loop,41,0.01748242974281311,7,"[448, 462, 449, 450, 451, 460, 461]",0,0.0,[]
