Position,Base,Importance,Importance_Source,Is_Modsite,Importance_Max,Importance_Mean,Importance_Sum,Num_Structures,Structure_Types
0,G,0.00629098154604435,direct_from_heterograph,False,0.00629098154604435,0.00629098154604435,0.00629098154604435,0,
1,G,0.010079204104840755,direct_from_heterograph,False,0.010079204104840755,0.010079204104840755,0.010079204104840755,0,
2,A,0.011566262692213058,direct_from_heterograph,False,0.011566262692213058,0.011566262692213058,0.011566262692213058,0,
3,G,0.002811495214700699,direct_from_heterograph,False,0.002811495214700699,0.002811495214700699,0.002811495214700699,0,
4,G,0.007935389876365662,direct_from_heterograph,False,0.007935389876365662,0.007935389876365662,0.007935389876365662,0,
5,A,0.0052734194323420525,direct_from_heterograph,False,0.0052734194323420525,0.0052734194323420525,0.0052734194323420525,0,
6,G,0.006040435284376144,direct_from_heterograph,False,0.006040435284376144,0.006040435284376144,0.006040435284376144,0,
7,T,0.0072897132486104965,direct_from_heterograph,False,0.0072897132486104965,0.0072897132486104965,0.0072897132486104965,0,
8,T,0.0004122786922380328,direct_from_heterograph,False,0.0004122786922380328,0.0004122786922380328,0.0004122786922380328,0,
9,A,0.0008827727288007736,direct_from_heterograph,False,0.0008827727288007736,0.0008827727288007736,0.0008827727288007736,0,
10,C,0.0018952996470034122,direct_from_heterograph,False,0.0018952996470034122,0.0018952996470034122,0.0018952996470034122,0,
11,G,0.0009976986330002546,direct_from_heterograph,False,0.0009976986330002546,0.0009976986330002546,0.0009976986330002546,0,
12,C,0.003477836260572076,direct_from_heterograph,False,0.003477836260572076,0.003477836260572076,0.003477836260572076,0,
13,A,0.003303162520751357,direct_from_heterograph,False,0.003303162520751357,0.003303162520751357,0.003303162520751357,0,
14,G,0.003938828594982624,direct_from_heterograph,False,0.003938828594982624,0.003938828594982624,0.003938828594982624,0,
15,G,0.006299820728600025,direct_from_heterograph,False,0.006299820728600025,0.006299820728600025,0.006299820728600025,0,
16,C,0.004384538624435663,direct_from_heterograph,False,0.004384538624435663,0.004384538624435663,0.004384538624435663,0,
17,A,0.0063924770802259445,direct_from_heterograph,False,0.0063924770802259445,0.0063924770802259445,0.0063924770802259445,0,
18,G,0.0007011828711256385,direct_from_heterograph,False,0.0007011828711256385,0.0007011828711256385,0.0007011828711256385,0,
19,G,0.00039903618744574487,direct_from_heterograph,False,0.00039903618744574487,0.00039903618744574487,0.00039903618744574487,0,
20,G,0.0007486161775887012,direct_from_heterograph,False,0.0007486161775887012,0.0007486161775887012,0.0007486161775887012,0,
21,T,0.010254863649606705,direct_from_heterograph,False,0.010254863649606705,0.010254863649606705,0.010254863649606705,0,
22,T,0.009615186601877213,direct_from_heterograph,False,0.009615186601877213,0.009615186601877213,0.009615186601877213,0,
23,G,0.007172087207436562,direct_from_heterograph,False,0.007172087207436562,0.007172087207436562,0.007172087207436562,0,
24,T,0.0011747865937650204,direct_from_heterograph,False,0.0011747865937650204,0.0011747865937650204,0.0011747865937650204,0,
25,G,0.00409287353977561,direct_from_heterograph,False,0.00409287353977561,0.00409287353977561,0.00409287353977561,0,
26,G,0.008648406714200974,direct_from_heterograph,False,0.008648406714200974,0.008648406714200974,0.008648406714200974,0,
27,T,0.008980350568890572,direct_from_heterograph,False,0.008980350568890572,0.008980350568890572,0.008980350568890572,0,
28,T,0.005658014211803675,direct_from_heterograph,False,0.005658014211803675,0.005658014211803675,0.005658014211803675,0,
29,G,0.001456633908674121,direct_from_heterograph,False,0.001456633908674121,0.001456633908674121,0.001456633908674121,0,
30,C,0.0052999043837189674,direct_from_heterograph,False,0.0052999043837189674,0.0052999043837189674,0.0052999043837189674,0,
31,T,0.004559025634080172,direct_from_heterograph,False,0.004559025634080172,0.004559025634080172,0.004559025634080172,0,
32,G,0.007456087041646242,direct_from_heterograph,False,0.007456087041646242,0.007456087041646242,0.007456087041646242,0,
33,G,0.007417410612106323,direct_from_heterograph,False,0.007417410612106323,0.007417410612106323,0.007417410612106323,0,
34,C,0.001204049214720726,direct_from_heterograph,False,0.001204049214720726,0.001204049214720726,0.001204049214720726,0,
35,T,0.006454167887568474,direct_from_heterograph,False,0.006454167887568474,0.006454167887568474,0.006454167887568474,0,
36,G,0.009943362325429916,direct_from_heterograph,False,0.009943362325429916,0.009943362325429916,0.009943362325429916,0,
37,T,0.003941423259675503,direct_from_heterograph,False,0.003941423259675503,0.003941423259675503,0.003941423259675503,0,
38,T,0.005037012510001659,direct_from_heterograph,False,0.005037012510001659,0.005037012510001659,0.005037012510001659,0,
39,A,0.004954527132213116,direct_from_heterograph,False,0.004954527132213116,0.004954527132213116,0.004954527132213116,0,
40,C,0.0026493831537663937,direct_from_heterograph,False,0.0026493831537663937,0.0026493831537663937,0.0026493831537663937,0,
41,C,0.006929080933332443,direct_from_heterograph,False,0.006929080933332443,0.006929080933332443,0.006929080933332443,0,
42,A,0.0033048768527805805,direct_from_heterograph,False,0.0033048768527805805,0.0033048768527805805,0.0033048768527805805,0,
43,G,0.0031143035739660263,direct_from_heterograph,False,0.0031143035739660263,0.0031143035739660263,0.0031143035739660263,0,
44,G,0.0036496808752417564,direct_from_heterograph,False,0.0036496808752417564,0.0036496808752417564,0.0036496808752417564,0,
45,A,0.003421932924538851,direct_from_heterograph,True,0.003421932924538851,0.003421932924538851,0.003421932924538851,0,
46,C,0.005175511818379164,direct_from_heterograph,False,0.005175511818379164,0.005175511818379164,0.005175511818379164,0,
47,A,0.0010213752975687385,direct_from_heterograph,False,0.0010213752975687385,0.0010213752975687385,0.0010213752975687385,0,
48,A,0.0008831811137497425,direct_from_heterograph,False,0.0008831811137497425,0.0008831811137497425,0.0008831811137497425,0,
49,C,0.005586886312812567,direct_from_heterograph,False,0.005586886312812567,0.005586886312812567,0.005586886312812567,0,
50,C,0.005508227273821831,direct_from_heterograph,False,0.005508227273821831,0.005508227273821831,0.005508227273821831,0,
51,G,0.0063453433103859425,direct_from_heterograph,False,0.0063453433103859425,0.0063453433103859425,0.0063453433103859425,0,
52,G,0.0016512777656316757,direct_from_heterograph,False,0.0016512777656316757,0.0016512777656316757,0.0016512777656316757,0,
53,A,0.003311337437480688,direct_from_heterograph,False,0.003311337437480688,0.003311337437480688,0.003311337437480688,0,
54,G,0.009012248367071152,direct_from_heterograph,False,0.009012248367071152,0.009012248367071152,0.009012248367071152,0,
55,G,0.006771272048354149,direct_from_heterograph,False,0.006771272048354149,0.006771272048354149,0.006771272048354149,0,
56,C,0.005966491531580687,direct_from_heterograph,False,0.005966491531580687,0.005966491531580687,0.005966491531580687,0,
57,G,0.0007004560902714729,direct_from_heterograph,False,0.0007004560902714729,0.0007004560902714729,0.0007004560902714729,0,
58,A,0.0013712910003960133,direct_from_heterograph,False,0.0013712910003960133,0.0013712910003960133,0.0013712910003960133,0,
59,T,0.006585815921425819,direct_from_heterograph,False,0.006585815921425819,0.006585815921425819,0.006585815921425819,0,
60,T,0.0036508941557258368,direct_from_heterograph,False,0.0036508941557258368,0.0036508941557258368,0.0036508941557258368,0,
61,G,0.002761304844170809,direct_from_heterograph,False,0.002761304844170809,0.002761304844170809,0.002761304844170809,0,
62,A,0.0021768345031887293,direct_from_heterograph,False,0.0021768345031887293,0.0021768345031887293,0.0021768345031887293,0,
63,C,0.00256705516949296,direct_from_heterograph,False,0.00256705516949296,0.00256705516949296,0.00256705516949296,0,
64,C,0.0032351624686270952,direct_from_heterograph,False,0.0032351624686270952,0.0032351624686270952,0.0032351624686270952,0,
65,G,0.005754592828452587,direct_from_heterograph,False,0.005754592828452587,0.005754592828452587,0.005754592828452587,0,
66,T,0.006682343780994415,direct_from_heterograph,False,0.006682343780994415,0.006682343780994415,0.006682343780994415,0,
67,T,0.001578336930833757,direct_from_heterograph,False,0.001578336930833757,0.001578336930833757,0.001578336930833757,0,
68,A,0.0007318779826164246,direct_from_heterograph,False,0.0007318779826164246,0.0007318779826164246,0.0007318779826164246,0,
69,T,0.00048681951011531055,direct_from_heterograph,False,0.00048681951011531055,0.00048681951011531055,0.00048681951011531055,0,
70,C,0.0008056118385866284,direct_from_heterograph,False,0.0008056118385866284,0.0008056118385866284,0.0008056118385866284,0,
71,T,0.0020778770558536053,direct_from_heterograph,False,0.0020778770558536053,0.0020778770558536053,0.0020778770558536053,0,
72,G,0.004306690767407417,direct_from_heterograph,False,0.004306690767407417,0.004306690767407417,0.004306690767407417,0,
73,C,0.002816619351506233,direct_from_heterograph,False,0.002816619351506233,0.002816619351506233,0.002816619351506233,0,
74,G,0.0020180726423859596,direct_from_heterograph,False,0.0020180726423859596,0.0020180726423859596,0.0020180726423859596,0,
75,G,0.0019500425551086664,direct_from_heterograph,False,0.0019500425551086664,0.0019500425551086664,0.0019500425551086664,0,
76,T,0.0020715962164103985,direct_from_heterograph,False,0.0020715962164103985,0.0020715962164103985,0.0020715962164103985,0,
77,T,0.00263475370593369,direct_from_heterograph,False,0.00263475370593369,0.00263475370593369,0.00263475370593369,0,
78,T,0.0010444315848872066,direct_from_heterograph,False,0.0010444315848872066,0.0010444315848872066,0.0010444315848872066,0,
79,G,0.0005291793495416641,direct_from_heterograph,False,0.0005291793495416641,0.0005291793495416641,0.0005291793495416641,0,
80,G,0.00040391465881839395,direct_from_heterograph,False,0.00040391465881839395,0.00040391465881839395,0.00040391465881839395,0,
81,A,0.0005533999064937234,direct_from_heterograph,False,0.0005533999064937234,0.0005533999064937234,0.0005533999064937234,0,
82,G,0.004347439855337143,direct_from_heterograph,False,0.004347439855337143,0.004347439855337143,0.004347439855337143,0,
83,C,0.006257251370698214,direct_from_heterograph,False,0.006257251370698214,0.006257251370698214,0.006257251370698214,0,
84,C,0.0065970150753855705,direct_from_heterograph,False,0.0065970150753855705,0.0065970150753855705,0.0065970150753855705,0,
85,G,0.0008607322815805674,direct_from_heterograph,False,0.0008607322815805674,0.0008607322815805674,0.0008607322815805674,0,
86,T,0.0004079107311554253,direct_from_heterograph,False,0.0004079107311554253,0.0004079107311554253,0.0004079107311554253,0,
87,T,0.0003187505644746125,direct_from_heterograph,False,0.0003187505644746125,0.0003187505644746125,0.0003187505644746125,0,
88,A,0.00041345664067193866,direct_from_heterograph,False,0.00041345664067193866,0.00041345664067193866,0.00041345664067193866,0,
89,G,0.0004308618954382837,direct_from_heterograph,False,0.0004308618954382837,0.0004308618954382837,0.0004308618954382837,0,
90,C,0.006517009809613228,direct_from_heterograph,False,0.006517009809613228,0.006517009809613228,0.006517009809613228,0,
91,G,0.006037990562617779,direct_from_heterograph,False,0.006037990562617779,0.006037990562617779,0.006037990562617779,0,
92,G,0.0041391365230083466,direct_from_heterograph,False,0.0041391365230083466,0.0041391365230083466,0.0041391365230083466,0,
93,G,0.0005633471300825477,direct_from_heterograph,False,0.0005633471300825477,0.0005633471300825477,0.0005633471300825477,0,
94,A,0.0003632454900071025,direct_from_heterograph,False,0.0003632454900071025,0.0003632454900071025,0.0003632454900071025,0,
95,G,0.0034842276945710182,direct_from_heterograph,False,0.0034842276945710182,0.0034842276945710182,0.0034842276945710182,0,
96,A,0.0037664370611310005,direct_from_heterograph,False,0.0037664370611310005,0.0037664370611310005,0.0037664370611310005,0,
97,G,0.00484835309907794,direct_from_heterograph,False,0.00484835309907794,0.00484835309907794,0.00484835309907794,0,
98,G,0.009747880510985851,direct_from_heterograph,False,0.009747880510985851,0.009747880510985851,0.009747880510985851,0,
99,C,0.0026885648258030415,direct_from_heterograph,False,0.0026885648258030415,0.0026885648258030415,0.0026885648258030415,0,
100,A,0.0009243232198059559,direct_from_heterograph,False,0.0009243232198059559,0.0009243232198059559,0.0009243232198059559,0,
101,G,0.0030294242314994335,direct_from_heterograph,False,0.0030294242314994335,0.0030294242314994335,0.0030294242314994335,0,
102,A,0.0025061608757823706,direct_from_heterograph,False,0.0025061608757823706,0.0025061608757823706,0.0025061608757823706,0,
103,G,0.004896177444607019,direct_from_heterograph,False,0.004896177444607019,0.004896177444607019,0.004896177444607019,0,
104,A,0.002465557772666216,direct_from_heterograph,False,0.002465557772666216,0.002465557772666216,0.002465557772666216,0,
105,T,0.006632700562477112,direct_from_heterograph,False,0.006632700562477112,0.006632700562477112,0.006632700562477112,0,
106,A,0.0024256217293441296,direct_from_heterograph,False,0.0024256217293441296,0.0024256217293441296,0.0024256217293441296,0,
107,T,0.0069967349991202354,direct_from_heterograph,False,0.0069967349991202354,0.0069967349991202354,0.0069967349991202354,0,
108,T,0.011005096137523651,direct_from_heterograph,False,0.011005096137523651,0.011005096137523651,0.011005096137523651,0,
109,C,0.009850061498582363,direct_from_heterograph,False,0.009850061498582363,0.009850061498582363,0.009850061498582363,0,
110,A,0.007236109580844641,direct_from_heterograph,False,0.007236109580844641,0.007236109580844641,0.007236109580844641,0,
111,G,0.0034854095429182053,direct_from_heterograph,False,0.0034854095429182053,0.0034854095429182053,0.0034854095429182053,0,
112,A,0.0020939151290804148,direct_from_heterograph,False,0.0020939151290804148,0.0020939151290804148,0.0020939151290804148,0,
113,G,0.002626079833135009,direct_from_heterograph,False,0.002626079833135009,0.002626079833135009,0.002626079833135009,0,
114,G,0.005075820256024599,direct_from_heterograph,False,0.005075820256024599,0.005075820256024599,0.005075820256024599,0,
115,T,0.002701803343370557,direct_from_heterograph,False,0.002701803343370557,0.002701803343370557,0.002701803343370557,0,
116,C,0.006576684303581715,direct_from_heterograph,False,0.006576684303581715,0.006576684303581715,0.006576684303581715,0,
117,T,0.0020036064088344574,direct_from_heterograph,False,0.0020036064088344574,0.0020036064088344574,0.0020036064088344574,0,
118,T,0.0017868169816210866,direct_from_heterograph,False,0.0017868169816210866,0.0017868169816210866,0.0017868169816210866,0,
119,T,0.0016835944261401892,direct_from_heterograph,False,0.0016835944261401892,0.0016835944261401892,0.0016835944261401892,0,
120,T,0.0016565737314522266,direct_from_heterograph,False,0.0016565737314522266,0.0016565737314522266,0.0016565737314522266,0,
121,A,0.003165229456499219,direct_from_heterograph,False,0.003165229456499219,0.003165229456499219,0.003165229456499219,0,
122,G,0.004024163354188204,direct_from_heterograph,False,0.004024163354188204,0.004024163354188204,0.004024163354188204,0,
123,G,0.006454359274357557,direct_from_heterograph,False,0.006454359274357557,0.006454359274357557,0.006454359274357557,0,
124,A,0.004075491800904274,direct_from_heterograph,False,0.004075491800904274,0.004075491800904274,0.004075491800904274,0,
125,T,0.0037056952714920044,direct_from_heterograph,False,0.0037056952714920044,0.0037056952714920044,0.0037056952714920044,0,
126,G,0.000928401539567858,direct_from_heterograph,False,0.000928401539567858,0.000928401539567858,0.000928401539567858,0,
127,C,0.015367047861218452,direct_from_heterograph,False,0.015367047861218452,0.015367047861218452,0.015367047861218452,0,
128,G,0.00271775433793664,direct_from_heterograph,False,0.00271775433793664,0.00271775433793664,0.00271775433793664,0,
129,C,0.003998489119112492,direct_from_heterograph,False,0.003998489119112492,0.003998489119112492,0.003998489119112492,0,
130,T,0.0012371055781841278,direct_from_heterograph,False,0.0012371055781841278,0.0012371055781841278,0.0012371055781841278,0,
131,A,0.0007216364610940218,direct_from_heterograph,False,0.0007216364610940218,0.0007216364610940218,0.0007216364610940218,0,
132,A,0.0005880972603335977,direct_from_heterograph,False,0.0005880972603335977,0.0005880972603335977,0.0005880972603335977,0,
133,A,0.0008758674957789481,direct_from_heterograph,False,0.0008758674957789481,0.0008758674957789481,0.0008758674957789481,0,
134,G,0.018141357228159904,direct_from_heterograph,False,0.018141357228159904,0.018141357228159904,0.018141357228159904,0,
135,G,0.005976230837404728,direct_from_heterograph,False,0.005976230837404728,0.005976230837404728,0.005976230837404728,0,
136,G,0.00802595168352127,direct_from_heterograph,False,0.00802595168352127,0.00802595168352127,0.00802595168352127,0,
137,T,0.003281901590526104,direct_from_heterograph,False,0.003281901590526104,0.003281901590526104,0.003281901590526104,0,
138,C,0.0042178514413535595,direct_from_heterograph,False,0.0042178514413535595,0.0042178514413535595,0.0042178514413535595,0,
139,G,0.0013085323153063655,direct_from_heterograph,False,0.0013085323153063655,0.0013085323153063655,0.0013085323153063655,0,
140,T,0.006170243956148624,direct_from_heterograph,False,0.006170243956148624,0.006170243956148624,0.006170243956148624,0,
141,G,0.004519009031355381,direct_from_heterograph,False,0.004519009031355381,0.004519009031355381,0.004519009031355381,0,
142,A,0.001931168488226831,direct_from_heterograph,False,0.001931168488226831,0.001931168488226831,0.001931168488226831,0,
143,G,0.0016466416418552399,direct_from_heterograph,False,0.0016466416418552399,0.0016466416418552399,0.0016466416418552399,0,
144,G,0.0016071830177679658,direct_from_heterograph,False,0.0016071830177679658,0.0016071830177679658,0.0016071830177679658,0,
145,G,0.002676198026165366,direct_from_heterograph,False,0.002676198026165366,0.002676198026165366,0.002676198026165366,0,
146,C,0.00357283977791667,direct_from_heterograph,False,0.00357283977791667,0.00357283977791667,0.00357283977791667,0,
147,T,0.006316236220300198,direct_from_heterograph,False,0.006316236220300198,0.006316236220300198,0.006316236220300198,0,
148,C,0.0026778343599289656,direct_from_heterograph,False,0.0026778343599289656,0.0026778343599289656,0.0026778343599289656,0,
149,T,0.0020464793778955936,direct_from_heterograph,False,0.0020464793778955936,0.0020464793778955936,0.0020464793778955936,0,
150,C,0.0022746920585632324,direct_from_heterograph,False,0.0022746920585632324,0.0022746920585632324,0.0022746920585632324,0,
151,T,0.003792851697653532,direct_from_heterograph,False,0.003792851697653532,0.003792851697653532,0.003792851697653532,0,
152,T,0.004219364374876022,direct_from_heterograph,False,0.004219364374876022,0.004219364374876022,0.004219364374876022,0,
153,A,0.00659081619232893,direct_from_heterograph,False,0.00659081619232893,0.00659081619232893,0.00659081619232893,0,
154,A,0.007640315219759941,direct_from_heterograph,False,0.007640315219759941,0.007640315219759941,0.007640315219759941,0,
155,A,0.003249184228479862,direct_from_heterograph,False,0.003249184228479862,0.003249184228479862,0.003249184228479862,0,
156,A,0.003960791509598494,direct_from_heterograph,False,0.003960791509598494,0.003960791509598494,0.003960791509598494,0,
157,T,0.0018098297296091914,direct_from_heterograph,False,0.0018098297296091914,0.0018098297296091914,0.0018098297296091914,0,
158,T,0.001741782296448946,direct_from_heterograph,False,0.001741782296448946,0.001741782296448946,0.001741782296448946,0,
159,T,0.002156235044822097,direct_from_heterograph,False,0.002156235044822097,0.002156235044822097,0.002156235044822097,0,
160,T,0.0031557204201817513,direct_from_heterograph,False,0.0031557204201817513,0.0031557204201817513,0.0031557204201817513,0,
161,C,0.0041393861174583435,direct_from_heterograph,False,0.0041393861174583435,0.0041393861174583435,0.0041393861174583435,0,
162,T,0.0025440468452870846,direct_from_heterograph,False,0.0025440468452870846,0.0025440468452870846,0.0025440468452870846,0,
163,T,0.0025203542318195105,direct_from_heterograph,False,0.0025203542318195105,0.0025203542318195105,0.0025203542318195105,0,
164,C,0.003236504038795829,direct_from_heterograph,False,0.003236504038795829,0.003236504038795829,0.003236504038795829,0,
165,A,0.00047136086504906416,direct_from_heterograph,True,0.00047136086504906416,0.00047136086504906416,0.00047136086504906416,0,
166,C,0.0003214924072381109,direct_from_heterograph,False,0.0003214924072381109,0.0003214924072381109,0.0003214924072381109,0,
167,A,0.00040116847958415747,direct_from_heterograph,False,0.00040116847958415747,0.00040116847958415747,0.00040116847958415747,0,
168,A,0.0005178486462682486,direct_from_heterograph,False,0.0005178486462682486,0.0005178486462682486,0.0005178486462682486,0,
169,G,0.00037976467865519226,direct_from_heterograph,False,0.00037976467865519226,0.00037976467865519226,0.00037976467865519226,0,
170,C,0.0003979585599154234,direct_from_heterograph,False,0.0003979585599154234,0.0003979585599154234,0.0003979585599154234,0,
171,G,0.0008307545213028789,direct_from_heterograph,False,0.0008307545213028789,0.0008307545213028789,0.0008307545213028789,0,
172,G,0.008675992488861084,direct_from_heterograph,False,0.008675992488861084,0.008675992488861084,0.008675992488861084,0,
173,T,0.00583267118781805,direct_from_heterograph,False,0.00583267118781805,0.00583267118781805,0.00583267118781805,0,
174,T,0.006331661716103554,direct_from_heterograph,False,0.006331661716103554,0.006331661716103554,0.006331661716103554,0,
175,A,0.005660391412675381,direct_from_heterograph,False,0.005660391412675381,0.005660391412675381,0.005660391412675381,0,
176,T,0.007312343921512365,direct_from_heterograph,False,0.007312343921512365,0.007312343921512365,0.007312343921512365,0,
177,C,0.003440244821831584,direct_from_heterograph,False,0.003440244821831584,0.003440244821831584,0.003440244821831584,0,
178,C,0.004981141071766615,direct_from_heterograph,False,0.004981141071766615,0.004981141071766615,0.004981141071766615,0,
179,A,0.002859492553398013,direct_from_heterograph,False,0.002859492553398013,0.002859492553398013,0.002859492553398013,0,
180,G,0.002280952874571085,direct_from_heterograph,False,0.002280952874571085,0.002280952874571085,0.002280952874571085,0,
181,T,0.0022902535274624825,direct_from_heterograph,False,0.0022902535274624825,0.0022902535274624825,0.0022902535274624825,0,
182,C,0.0007259550038725138,direct_from_heterograph,False,0.0007259550038725138,0.0007259550038725138,0.0007259550038725138,0,
183,G,0.00044111782335676253,direct_from_heterograph,False,0.00044111782335676253,0.00044111782335676253,0.00044111782335676253,0,
184,T,0.000614310207311064,direct_from_heterograph,False,0.000614310207311064,0.000614310207311064,0.000614310207311064,0,
185,G,0.000659899553284049,direct_from_heterograph,False,0.000659899553284049,0.000659899553284049,0.000659899553284049,0,
186,C,0.003190969815477729,direct_from_heterograph,False,0.003190969815477729,0.003190969815477729,0.003190969815477729,0,
187,C,0.002601852174848318,direct_from_heterograph,False,0.002601852174848318,0.002601852174848318,0.002601852174848318,0,
188,C,0.00252524227835238,direct_from_heterograph,False,0.00252524227835238,0.00252524227835238,0.00252524227835238,0,
189,C,0.0028507953975349665,direct_from_heterograph,False,0.0028507953975349665,0.0028507953975349665,0.0028507953975349665,0,
190,G,0.0033214250579476357,direct_from_heterograph,False,0.0033214250579476357,0.0033214250579476357,0.0033214250579476357,0,
191,C,0.005571846850216389,direct_from_heterograph,False,0.005571846850216389,0.005571846850216389,0.005571846850216389,0,
192,G,0.0055169519037008286,direct_from_heterograph,False,0.0055169519037008286,0.0055169519037008286,0.0055169519037008286,0,
193,G,0.0032170237973332405,direct_from_heterograph,False,0.0032170237973332405,0.0032170237973332405,0.0032170237973332405,0,
194,C,0.0035673065576702356,direct_from_heterograph,False,0.0035673065576702356,0.0035673065576702356,0.0035673065576702356,0,
195,C,0.003917736932635307,direct_from_heterograph,False,0.003917736932635307,0.003917736932635307,0.003917736932635307,0,
196,C,0.0010269258636981249,direct_from_heterograph,False,0.0010269258636981249,0.0010269258636981249,0.0010269258636981249,0,
197,T,0.002038831589743495,direct_from_heterograph,False,0.002038831589743495,0.002038831589743495,0.002038831589743495,0,
198,G,0.0018505575135350227,direct_from_heterograph,False,0.0018505575135350227,0.0018505575135350227,0.0018505575135350227,0,
199,C,0.0008987512555904686,direct_from_heterograph,False,0.0008987512555904686,0.0008987512555904686,0.0008987512555904686,0,
200,T,0.001012760098092258,direct_from_heterograph,False,0.001012760098092258,0.001012760098092258,0.001012760098092258,0,
201,G,0.0007648710743524134,direct_from_heterograph,False,0.0007648710743524134,0.0007648710743524134,0.0007648710743524134,0,
202,C,0.0008830492733977735,direct_from_heterograph,False,0.0008830492733977735,0.0008830492733977735,0.0008830492733977735,0,
203,T,0.002394079463556409,direct_from_heterograph,False,0.002394079463556409,0.002394079463556409,0.002394079463556409,0,
204,G,0.00732746347784996,direct_from_heterograph,False,0.00732746347784996,0.00732746347784996,0.00732746347784996,0,
205,G,0.004101000726222992,direct_from_heterograph,False,0.004101000726222992,0.004101000726222992,0.004101000726222992,0,
206,C,0.003471041563898325,direct_from_heterograph,False,0.003471041563898325,0.003471041563898325,0.003471041563898325,0,
207,C,0.0035533010959625244,direct_from_heterograph,False,0.0035533010959625244,0.0035533010959625244,0.0035533010959625244,0,
208,C,0.001967434771358967,direct_from_heterograph,False,0.001967434771358967,0.001967434771358967,0.001967434771358967,0,
209,C,0.008090950548648834,direct_from_heterograph,False,0.008090950548648834,0.008090950548648834,0.008090950548648834,0,
210,G,0.005675497930496931,direct_from_heterograph,False,0.005675497930496931,0.005675497930496931,0.005675497930496931,0,
211,G,0.0033688824623823166,direct_from_heterograph,False,0.0033688824623823166,0.0033688824623823166,0.0033688824623823166,0,
212,G,0.002646341919898987,direct_from_heterograph,False,0.002646341919898987,0.002646341919898987,0.002646341919898987,0,
213,G,0.0024873167276382446,direct_from_heterograph,False,0.0024873167276382446,0.0024873167276382446,0.0024873167276382446,0,
214,A,0.0007337124552577734,direct_from_heterograph,False,0.0007337124552577734,0.0007337124552577734,0.0007337124552577734,0,
215,T,0.004437600262463093,direct_from_heterograph,False,0.004437600262463093,0.004437600262463093,0.004437600262463093,0,
216,C,0.00849955901503563,direct_from_heterograph,False,0.00849955901503563,0.00849955901503563,0.00849955901503563,0,
217,T,0.004533814731985331,direct_from_heterograph,False,0.004533814731985331,0.004533814731985331,0.004533814731985331,0,
218,G,0.006314213387668133,direct_from_heterograph,False,0.006314213387668133,0.006314213387668133,0.006314213387668133,0,
219,A,0.005276304204016924,direct_from_heterograph,False,0.005276304204016924,0.005276304204016924,0.005276304204016924,0,
220,G,0.009160440415143967,direct_from_heterograph,False,0.009160440415143967,0.009160440415143967,0.009160440415143967,0,
221,T,0.006842088419944048,direct_from_heterograph,False,0.006842088419944048,0.006842088419944048,0.006842088419944048,0,
222,C,0.012828820385038853,direct_from_heterograph,False,0.012828820385038853,0.012828820385038853,0.012828820385038853,0,
223,G,0.011397751048207283,direct_from_heterograph,False,0.011397751048207283,0.011397751048207283,0.011397751048207283,0,
224,T,0.00494832918047905,direct_from_heterograph,False,0.00494832918047905,0.00494832918047905,0.00494832918047905,0,
225,A,0.004288863390684128,direct_from_heterograph,False,0.004288863390684128,0.004288863390684128,0.004288863390684128,0,
226,C,0.006051444914191961,direct_from_heterograph,False,0.006051444914191961,0.006051444914191961,0.006051444914191961,0,
227,C,0.0044366056099534035,direct_from_heterograph,False,0.0044366056099534035,0.0044366056099534035,0.0044366056099534035,0,
228,C,0.008446169085800648,direct_from_heterograph,False,0.008446169085800648,0.008446169085800648,0.008446169085800648,0,
229,T,0.006987830623984337,direct_from_heterograph,False,0.006987830623984337,0.006987830623984337,0.006987830623984337,0,
230,C,0.009915078058838844,direct_from_heterograph,False,0.009915078058838844,0.009915078058838844,0.009915078058838844,0,
231,T,0.004778297618031502,direct_from_heterograph,False,0.004778297618031502,0.004778297618031502,0.004778297618031502,0,
232,T,0.005712270271033049,direct_from_heterograph,False,0.005712270271033049,0.005712270271033049,0.005712270271033049,0,
233,G,0.002408536383882165,direct_from_heterograph,False,0.002408536383882165,0.002408536383882165,0.002408536383882165,0,
234,T,0.0027932007797062397,direct_from_heterograph,False,0.0027932007797062397,0.0027932007797062397,0.0027932007797062397,0,
235,T,0.004161583259701729,direct_from_heterograph,False,0.004161583259701729,0.004161583259701729,0.004161583259701729,0,
236,T,0.002624128246679902,direct_from_heterograph,False,0.002624128246679902,0.002624128246679902,0.002624128246679902,0,
237,T,0.0019137243507429957,direct_from_heterograph,False,0.0019137243507429957,0.0019137243507429957,0.0019137243507429957,0,
238,T,0.001783448620699346,direct_from_heterograph,False,0.001783448620699346,0.001783448620699346,0.001783448620699346,0,
239,C,0.0023989160545170307,direct_from_heterograph,False,0.0023989160545170307,0.0023989160545170307,0.0023989160545170307,0,
240,T,0.006758749485015869,direct_from_heterograph,False,0.006758749485015869,0.006758749485015869,0.006758749485015869,0,
241,C,0.003048166399821639,direct_from_heterograph,False,0.003048166399821639,0.003048166399821639,0.003048166399821639,0,
242,T,0.00230962410569191,direct_from_heterograph,False,0.00230962410569191,0.00230962410569191,0.00230962410569191,0,
243,G,0.00199458422139287,direct_from_heterograph,False,0.00199458422139287,0.00199458422139287,0.00199458422139287,0,
244,A,0.004889355041086674,direct_from_heterograph,False,0.004889355041086674,0.004889355041086674,0.004889355041086674,0,
245,G,0.002548620570451021,direct_from_heterograph,False,0.002548620570451021,0.002548620570451021,0.002548620570451021,0,
246,T,0.002915671793743968,direct_from_heterograph,False,0.002915671793743968,0.002915671793743968,0.002915671793743968,0,
247,C,0.00529945082962513,direct_from_heterograph,False,0.00529945082962513,0.00529945082962513,0.00529945082962513,0,
248,A,0.0034653078764677048,direct_from_heterograph,False,0.0034653078764677048,0.0034653078764677048,0.0034653078764677048,0,
249,G,0.006610751152038574,direct_from_heterograph,False,0.006610751152038574,0.006610751152038574,0.006610751152038574,0,
250,T,0.0023029230069369078,direct_from_heterograph,False,0.0023029230069369078,0.0023029230069369078,0.0023029230069369078,0,
251,C,0.006399737671017647,direct_from_heterograph,False,0.006399737671017647,0.006399737671017647,0.006399737671017647,0,
252,T,0.004963537212461233,direct_from_heterograph,False,0.004963537212461233,0.004963537212461233,0.004963537212461233,0,
253,T,0.006510088220238686,direct_from_heterograph,False,0.006510088220238686,0.006510088220238686,0.006510088220238686,0,
254,A,0.0048400722444057465,direct_from_heterograph,False,0.0048400722444057465,0.0048400722444057465,0.0048400722444057465,0,
255,A,0.0026571706403046846,direct_from_heterograph,False,0.0026571706403046846,0.0026571706403046846,0.0026571706403046846,0,
256,G,0.0013224022695794702,direct_from_heterograph,False,0.0013224022695794702,0.0013224022695794702,0.0013224022695794702,0,
257,G,0.0010505595710128546,direct_from_heterograph,False,0.0010505595710128546,0.0010505595710128546,0.0010505595710128546,0,
258,T,0.0035351505503058434,direct_from_heterograph,False,0.0035351505503058434,0.0035351505503058434,0.0035351505503058434,0,
259,G,0.004879222251474857,direct_from_heterograph,False,0.004879222251474857,0.004879222251474857,0.004879222251474857,0,
260,A,0.0047842394560575485,direct_from_heterograph,False,0.0047842394560575485,0.0047842394560575485,0.0047842394560575485,0,
261,A,0.0031096162274479866,direct_from_heterograph,False,0.0031096162274479866,0.0031096162274479866,0.0031096162274479866,0,
262,A,0.003765949746593833,direct_from_heterograph,False,0.003765949746593833,0.003765949746593833,0.003765949746593833,0,
263,T,0.0022168210707604885,direct_from_heterograph,False,0.0022168210707604885,0.0022168210707604885,0.0022168210707604885,0,
264,G,0.005995224229991436,direct_from_heterograph,False,0.005995224229991436,0.005995224229991436,0.005995224229991436,0,
265,A,0.005421914160251617,direct_from_heterograph,False,0.005421914160251617,0.005421914160251617,0.005421914160251617,0,
266,A,0.00880016852170229,direct_from_heterograph,False,0.00880016852170229,0.00880016852170229,0.00880016852170229,0,
267,G,0.007344375364482403,direct_from_heterograph,False,0.007344375364482403,0.007344375364482403,0.007344375364482403,0,
268,T,0.006058594211935997,direct_from_heterograph,False,0.006058594211935997,0.006058594211935997,0.006058594211935997,0,
269,G,0.009457727894186974,direct_from_heterograph,False,0.009457727894186974,0.009457727894186974,0.009457727894186974,0,
270,T,0.00416648481041193,direct_from_heterograph,False,0.00416648481041193,0.00416648481041193,0.00416648481041193,0,
271,G,0.000747217214666307,direct_from_heterograph,False,0.000747217214666307,0.000747217214666307,0.000747217214666307,0,
272,G,0.005598944611847401,direct_from_heterograph,False,0.005598944611847401,0.005598944611847401,0.005598944611847401,0,
273,C,0.006680202204734087,direct_from_heterograph,False,0.006680202204734087,0.006680202204734087,0.006680202204734087,0,
274,C,0.007310603745281696,direct_from_heterograph,False,0.007310603745281696,0.007310603745281696,0.007310603745281696,0,
275,C,0.0008957367390394211,direct_from_heterograph,False,0.0008957367390394211,0.0008957367390394211,0.0008957367390394211,0,
276,A,0.0010075701866298914,direct_from_heterograph,False,0.0010075701866298914,0.0010075701866298914,0.0010075701866298914,0,
277,G,0.0006674454780295491,direct_from_heterograph,False,0.0006674454780295491,0.0006674454780295491,0.0006674454780295491,0,
278,T,0.0021159204188734293,direct_from_heterograph,False,0.0021159204188734293,0.0021159204188734293,0.0021159204188734293,0,
279,G,0.01004481129348278,direct_from_heterograph,False,0.01004481129348278,0.01004481129348278,0.01004481129348278,0,
280,G,0.0061049992218613625,direct_from_heterograph,False,0.0061049992218613625,0.0061049992218613625,0.0061049992218613625,0,
281,C,0.004946829751133919,direct_from_heterograph,False,0.004946829751133919,0.004946829751133919,0.004946829751133919,0,
282,T,0.0048546576872467995,direct_from_heterograph,False,0.0048546576872467995,0.0048546576872467995,0.0048546576872467995,0,
283,C,0.011953632347285748,direct_from_heterograph,False,0.011953632347285748,0.011953632347285748,0.011953632347285748,0,
284,C,0.0028922210913151503,direct_from_heterograph,False,0.0028922210913151503,0.0028922210913151503,0.0028922210913151503,0,
285,T,0.010082965716719627,direct_from_heterograph,False,0.010082965716719627,0.010082965716719627,0.010082965716719627,0,
286,C,0.01013505645096302,direct_from_heterograph,False,0.01013505645096302,0.01013505645096302,0.01013505645096302,0,
287,A,0.002028606366366148,direct_from_heterograph,False,0.002028606366366148,0.002028606366366148,0.002028606366366148,0,
288,C,0.002611681818962097,direct_from_heterograph,False,0.002611681818962097,0.002611681818962097,0.002611681818962097,0,
289,T,0.002145354636013508,direct_from_heterograph,False,0.002145354636013508,0.002145354636013508,0.002145354636013508,0,
290,G,0.003370205871760845,direct_from_heterograph,False,0.003370205871760845,0.003370205871760845,0.003370205871760845,0,
291,T,0.003158905077725649,direct_from_heterograph,False,0.003158905077725649,0.003158905077725649,0.003158905077725649,0,
292,C,0.007336633745580912,direct_from_heterograph,False,0.007336633745580912,0.007336633745580912,0.007336633745580912,0,
293,G,0.001317388261668384,direct_from_heterograph,False,0.001317388261668384,0.001317388261668384,0.001317388261668384,0,
294,C,0.0007352266111411154,direct_from_heterograph,False,0.0007352266111411154,0.0007352266111411154,0.0007352266111411154,0,
295,T,0.0035954166669398546,direct_from_heterograph,False,0.0035954166669398546,0.0035954166669398546,0.0035954166669398546,0,
296,T,0.003916856832802296,direct_from_heterograph,False,0.003916856832802296,0.003916856832802296,0.003916856832802296,0,
297,C,0.009268175810575485,direct_from_heterograph,False,0.009268175810575485,0.009268175810575485,0.009268175810575485,0,
298,T,0.004116985015571117,direct_from_heterograph,False,0.004116985015571117,0.004116985015571117,0.004116985015571117,0,
299,C,0.0028376250993460417,direct_from_heterograph,False,0.0028376250993460417,0.0028376250993460417,0.0028376250993460417,0,
300,T,0.001415111473761499,direct_from_heterograph,False,0.001415111473761499,0.001415111473761499,0.001415111473761499,0,
301,A,0.0010071826400235295,direct_from_heterograph,False,0.0010071826400235295,0.0010071826400235295,0.0010071826400235295,0,
302,G,0.0020544002763926983,direct_from_heterograph,False,0.0020544002763926983,0.0020544002763926983,0.0020544002763926983,0,
303,T,0.0019449753453955054,direct_from_heterograph,False,0.0019449753453955054,0.0019449753453955054,0.0019449753453955054,0,
304,T,0.002898481208831072,direct_from_heterograph,False,0.002898481208831072,0.002898481208831072,0.002898481208831072,0,
305,T,0.0013819384621456265,direct_from_heterograph,False,0.0013819384621456265,0.0013819384621456265,0.0013819384621456265,0,
306,T,0.000899046310223639,direct_from_heterograph,False,0.000899046310223639,0.000899046310223639,0.000899046310223639,0,
307,C,0.0008794020395725965,direct_from_heterograph,False,0.0008794020395725965,0.0008794020395725965,0.0008794020395725965,0,
308,T,0.0010121435625478625,direct_from_heterograph,False,0.0010121435625478625,0.0010121435625478625,0.0010121435625478625,0,
309,G,0.0018906770274043083,direct_from_heterograph,False,0.0018906770274043083,0.0018906770274043083,0.0018906770274043083,0,
310,C,0.003684133291244507,direct_from_heterograph,False,0.003684133291244507,0.003684133291244507,0.003684133291244507,0,
311,C,0.003257216652855277,direct_from_heterograph,False,0.003257216652855277,0.003257216652855277,0.003257216652855277,0,
312,T,0.0012475388357415795,direct_from_heterograph,False,0.0012475388357415795,0.0012475388357415795,0.0012475388357415795,0,
313,C,0.000842332374304533,direct_from_heterograph,False,0.000842332374304533,0.000842332374304533,0.000842332374304533,0,
314,C,0.0007505562389269471,direct_from_heterograph,False,0.0007505562389269471,0.0007505562389269471,0.0007505562389269471,0,
315,T,0.000825878232717514,direct_from_heterograph,False,0.000825878232717514,0.000825878232717514,0.000825878232717514,0,
316,T,0.0016671663615852594,direct_from_heterograph,False,0.0016671663615852594,0.0016671663615852594,0.0016671663615852594,0,
317,T,0.002644320484250784,direct_from_heterograph,False,0.002644320484250784,0.002644320484250784,0.002644320484250784,0,
318,T,0.0023814989253878593,direct_from_heterograph,False,0.0023814989253878593,0.0023814989253878593,0.0023814989253878593,0,
319,A,0.0008237482979893684,direct_from_heterograph,False,0.0008237482979893684,0.0008237482979893684,0.0008237482979893684,0,
320,G,0.0007566321291960776,direct_from_heterograph,False,0.0007566321291960776,0.0007566321291960776,0.0007566321291960776,0,
321,A,0.000912543386220932,direct_from_heterograph,False,0.000912543386220932,0.000912543386220932,0.000912543386220932,0,
322,A,0.0011691674590110779,direct_from_heterograph,False,0.0011691674590110779,0.0011691674590110779,0.0011691674590110779,0,
323,A,0.0013148512225598097,direct_from_heterograph,False,0.0013148512225598097,0.0013148512225598097,0.0013148512225598097,0,
324,A,0.0009113498963415623,direct_from_heterograph,False,0.0009113498963415623,0.0009113498963415623,0.0009113498963415623,0,
325,T,0.0007357943104580045,direct_from_heterograph,False,0.0007357943104580045,0.0007357943104580045,0.0007357943104580045,0,
326,T,0.0006867848569527268,direct_from_heterograph,False,0.0006867848569527268,0.0006867848569527268,0.0006867848569527268,0,
327,G,0.0008668964146636426,direct_from_heterograph,False,0.0008668964146636426,0.0008668964146636426,0.0008668964146636426,0,
328,A,0.0011405518744140863,direct_from_heterograph,False,0.0011405518744140863,0.0011405518744140863,0.0011405518744140863,0,
329,A,0.0023021879605948925,direct_from_heterograph,False,0.0023021879605948925,0.0023021879605948925,0.0023021879605948925,0,
330,T,0.0031166188418865204,direct_from_heterograph,False,0.0031166188418865204,0.0031166188418865204,0.0031166188418865204,0,
331,T,0.001376771368086338,direct_from_heterograph,False,0.001376771368086338,0.001376771368086338,0.001376771368086338,0,
332,G,0.0029555195942521095,direct_from_heterograph,False,0.0029555195942521095,0.0029555195942521095,0.0029555195942521095,0,
333,A,0.003308200975880027,direct_from_heterograph,False,0.003308200975880027,0.003308200975880027,0.003308200975880027,0,
334,A,0.004492005333304405,direct_from_heterograph,False,0.004492005333304405,0.004492005333304405,0.004492005333304405,0,
335,A,0.004225743934512138,direct_from_heterograph,False,0.004225743934512138,0.004225743934512138,0.004225743934512138,0,
336,A,0.0042693838477134705,direct_from_heterograph,False,0.0042693838477134705,0.0042693838477134705,0.0042693838477134705,0,
337,G,0.0027727254200726748,direct_from_heterograph,False,0.0027727254200726748,0.0027727254200726748,0.0027727254200726748,0,
338,A,0.001671158242970705,direct_from_heterograph,False,0.001671158242970705,0.001671158242970705,0.001671158242970705,0,
339,C,0.002039761282503605,direct_from_heterograph,False,0.002039761282503605,0.002039761282503605,0.002039761282503605,0,
340,A,0.0018207639222964644,direct_from_heterograph,False,0.0018207639222964644,0.0018207639222964644,0.0018207639222964644,0,
341,G,0.0033941862639039755,direct_from_heterograph,False,0.0033941862639039755,0.0033941862639039755,0.0033941862639039755,0,
342,G,0.006632077973335981,direct_from_heterograph,False,0.006632077973335981,0.006632077973335981,0.006632077973335981,0,
343,A,0.00899746548384428,direct_from_heterograph,False,0.00899746548384428,0.00899746548384428,0.00899746548384428,0,
344,T,0.0021503008902072906,direct_from_heterograph,False,0.0021503008902072906,0.0021503008902072906,0.0021503008902072906,0,
345,G,0.006159473210573196,direct_from_heterograph,False,0.006159473210573196,0.006159473210573196,0.006159473210573196,0,
346,A,0.005113170016556978,direct_from_heterograph,False,0.005113170016556978,0.005113170016556978,0.005113170016556978,0,
347,A,0.001646961783990264,direct_from_heterograph,False,0.001646961783990264,0.001646961783990264,0.001646961783990264,0,
348,G,0.003069167025387287,direct_from_heterograph,False,0.003069167025387287,0.003069167025387287,0.003069167025387287,0,
349,T,0.0019737023394554853,direct_from_heterograph,False,0.0019737023394554853,0.0019737023394554853,0.0019737023394554853,0,
350,G,0.0006964460480958223,direct_from_heterograph,False,0.0006964460480958223,0.0006964460480958223,0.0006964460480958223,0,
351,G,0.0009307913132943213,direct_from_heterograph,False,0.0009307913132943213,0.0009307913132943213,0.0009307913132943213,0,
352,A,0.00208971556276083,direct_from_heterograph,True,0.00208971556276083,0.00208971556276083,0.00208971556276083,0,
353,C,0.0028750598430633545,direct_from_heterograph,False,0.0028750598430633545,0.0028750598430633545,0.0028750598430633545,0,
354,A,0.002993796719238162,direct_from_heterograph,False,0.002993796719238162,0.002993796719238162,0.002993796719238162,0,
355,C,0.0029753432609140873,direct_from_heterograph,False,0.0029753432609140873,0.0029753432609140873,0.0029753432609140873,0,
356,A,0.0053113107569515705,direct_from_heterograph,False,0.0053113107569515705,0.0053113107569515705,0.0053113107569515705,0,
357,G,0.001384229864925146,direct_from_heterograph,False,0.001384229864925146,0.001384229864925146,0.001384229864925146,0,
358,C,0.0014884143602102995,direct_from_heterograph,False,0.0014884143602102995,0.0014884143602102995,0.0014884143602102995,0,
359,A,0.00135983491782099,direct_from_heterograph,False,0.00135983491782099,0.00135983491782099,0.00135983491782099,0,
360,T,0.00885099358856678,direct_from_heterograph,False,0.00885099358856678,0.00885099358856678,0.00885099358856678,0,
361,G,0.006698330864310265,direct_from_heterograph,False,0.006698330864310265,0.006698330864310265,0.006698330864310265,0,
362,T,0.001792669645510614,direct_from_heterograph,False,0.001792669645510614,0.001792669645510614,0.001792669645510614,0,
363,G,0.002014536177739501,direct_from_heterograph,False,0.002014536177739501,0.002014536177739501,0.002014536177739501,0,
364,A,0.0014569135382771492,direct_from_heterograph,False,0.0014569135382771492,0.0014569135382771492,0.0014569135382771492,0,
365,A,0.0010124511318281293,direct_from_heterograph,False,0.0010124511318281293,0.0010124511318281293,0.0010124511318281293,0,
366,G,0.0009848501067608595,direct_from_heterograph,False,0.0009848501067608595,0.0009848501067608595,0.0009848501067608595,0,
367,A,0.005906732752919197,direct_from_heterograph,False,0.005906732752919197,0.005906732752919197,0.005906732752919197,0,
368,C,0.0048848544247448444,direct_from_heterograph,False,0.0048848544247448444,0.0048848544247448444,0.0048848544247448444,0,
369,A,0.005863585043698549,direct_from_heterograph,False,0.005863585043698549,0.005863585043698549,0.005863585043698549,0,
370,A,0.004377887584269047,direct_from_heterograph,False,0.004377887584269047,0.004377887584269047,0.004377887584269047,0,
371,T,0.0037160548381507397,direct_from_heterograph,False,0.0037160548381507397,0.0037160548381507397,0.0037160548381507397,0,
372,T,0.0029941864777356386,direct_from_heterograph,False,0.0029941864777356386,0.0029941864777356386,0.0029941864777356386,0,
373,C,0.01258782297372818,direct_from_heterograph,False,0.01258782297372818,0.01258782297372818,0.01258782297372818,0,
374,T,0.006908433046191931,direct_from_heterograph,False,0.006908433046191931,0.006908433046191931,0.006908433046191931,0,
375,T,0.0018840100383386016,direct_from_heterograph,False,0.0018840100383386016,0.0018840100383386016,0.0018840100383386016,0,
376,T,0.00174497882835567,direct_from_heterograph,False,0.00174497882835567,0.00174497882835567,0.00174497882835567,0,
377,C,0.00246881740167737,direct_from_heterograph,False,0.00246881740167737,0.00246881740167737,0.00246881740167737,0,
378,A,0.005758215673267841,direct_from_heterograph,False,0.005758215673267841,0.005758215673267841,0.005758215673267841,0,
379,A,0.011230744421482086,direct_from_heterograph,False,0.011230744421482086,0.011230744421482086,0.011230744421482086,0,
380,G,0.004228352569043636,direct_from_heterograph,False,0.004228352569043636,0.004228352569043636,0.004228352569043636,0,
381,A,0.004677368327975273,direct_from_heterograph,False,0.004677368327975273,0.004677368327975273,0.004677368327975273,0,
382,A,0.0038008932024240494,direct_from_heterograph,False,0.0038008932024240494,0.0038008932024240494,0.0038008932024240494,0,
383,G,0.005827491171658039,direct_from_heterograph,False,0.005827491171658039,0.005827491171658039,0.005827491171658039,0,
384,T,0.009048184379935265,direct_from_heterograph,False,0.009048184379935265,0.009048184379935265,0.009048184379935265,0,
385,T,0.007123313844203949,direct_from_heterograph,False,0.007123313844203949,0.007123313844203949,0.007123313844203949,0,
386,T,0.002713085152208805,direct_from_heterograph,False,0.002713085152208805,0.002713085152208805,0.002713085152208805,0,
387,G,0.0019572461023926735,direct_from_heterograph,False,0.0019572461023926735,0.0019572461023926735,0.0019572461023926735,0,
388,G,0.0017237599240615964,direct_from_heterograph,False,0.0017237599240615964,0.0017237599240615964,0.0017237599240615964,0,
389,C,0.0034776274114847183,direct_from_heterograph,False,0.0034776274114847183,0.0034776274114847183,0.0034776274114847183,0,
390,T,0.010934011079370975,direct_from_heterograph,False,0.010934011079370975,0.010934011079370975,0.010934011079370975,0,
391,G,0.00889396108686924,direct_from_heterograph,False,0.00889396108686924,0.00889396108686924,0.00889396108686924,0,
392,T,0.008511258289217949,direct_from_heterograph,False,0.008511258289217949,0.008511258289217949,0.008511258289217949,0,
393,C,0.00984105933457613,direct_from_heterograph,False,0.00984105933457613,0.00984105933457613,0.00984105933457613,0,
394,A,0.02746741473674774,direct_from_heterograph,False,0.02746741473674774,0.02746741473674774,0.02746741473674774,0,
395,A,0.02171408012509346,direct_from_heterograph,False,0.02171408012509346,0.02171408012509346,0.02171408012509346,0,
396,G,0.001711155055090785,direct_from_heterograph,False,0.001711155055090785,0.001711155055090785,0.001711155055090785,0,
397,G,0.0012793135829269886,direct_from_heterograph,False,0.0012793135829269886,0.0012793135829269886,0.0012793135829269886,0,
398,A,0.001544280326925218,direct_from_heterograph,False,0.001544280326925218,0.001544280326925218,0.001544280326925218,0,
399,A,0.0016425774665549397,direct_from_heterograph,False,0.0016425774665549397,0.0016425774665549397,0.0016425774665549397,0,
400,A,0.0022760690189898014,direct_from_heterograph,False,0.0022760690189898014,0.0022760690189898014,0.0022760690189898014,0,
401,A,0.0030304966494441032,direct_from_heterograph,False,0.0030304966494441032,0.0030304966494441032,0.0030304966494441032,0,
402,C,0.0026227030903100967,direct_from_heterograph,False,0.0026227030903100967,0.0026227030903100967,0.0026227030903100967,0,
403,A,0.010510062798857689,direct_from_heterograph,False,0.010510062798857689,0.010510062798857689,0.010510062798857689,0,
404,G,0.011875804513692856,direct_from_heterograph,False,0.011875804513692856,0.011875804513692856,0.011875804513692856,0,
405,A,0.004109849687665701,direct_from_heterograph,False,0.004109849687665701,0.004109849687665701,0.004109849687665701,0,
406,G,0.008111875504255295,direct_from_heterograph,False,0.008111875504255295,0.008111875504255295,0.008111875504255295,0,
407,A,0.013209820725023746,direct_from_heterograph,False,0.013209820725023746,0.013209820725023746,0.013209820725023746,0,
408,A,0.02044042944908142,direct_from_heterograph,False,0.02044042944908142,0.02044042944908142,0.02044042944908142,0,
409,T,0.012021973729133606,direct_from_heterograph,False,0.012021973729133606,0.012021973729133606,0.012021973729133606,0,
410,G,0.007889380678534508,direct_from_heterograph,False,0.007889380678534508,0.007889380678534508,0.007889380678534508,0,
411,T,0.003964025992900133,direct_from_heterograph,False,0.003964025992900133,0.003964025992900133,0.003964025992900133,0,
412,G,0.003616482485085726,direct_from_heterograph,False,0.003616482485085726,0.003616482485085726,0.003616482485085726,0,
413,C,0.010531452484428883,direct_from_heterograph,False,0.010531452484428883,0.010531452484428883,0.010531452484428883,0,
414,T,0.02988067828118801,direct_from_heterograph,False,0.02988067828118801,0.02988067828118801,0.02988067828118801,0,
415,A,0.047571808099746704,direct_from_heterograph,False,0.047571808099746704,0.047571808099746704,0.047571808099746704,0,
416,A,0.028108906000852585,direct_from_heterograph,False,0.028108906000852585,0.028108906000852585,0.028108906000852585,0,
417,A,0.02308310568332672,direct_from_heterograph,False,0.02308310568332672,0.02308310568332672,0.02308310568332672,0,
418,G,0.015317324548959732,direct_from_heterograph,False,0.015317324548959732,0.015317324548959732,0.015317324548959732,0,
419,A,0.035018667578697205,direct_from_heterograph,False,0.035018667578697205,0.035018667578697205,0.035018667578697205,0,
420,A,0.04983782395720482,direct_from_heterograph,False,0.04983782395720482,0.04983782395720482,0.04983782395720482,0,
421,C,0.043082136660814285,direct_from_heterograph,False,0.043082136660814285,0.043082136660814285,0.043082136660814285,0,
422,A,0.05543934553861618,direct_from_heterograph,False,0.05543934553861618,0.05543934553861618,0.05543934553861618,0,
423,T,0.030227934941649437,direct_from_heterograph,False,0.030227934941649437,0.030227934941649437,0.030227934941649437,0,
424,A,0.028067931532859802,direct_from_heterograph,False,0.028067931532859802,0.028067931532859802,0.028067931532859802,0,
425,C,0.026041537523269653,direct_from_heterograph,False,0.026041537523269653,0.026041537523269653,0.026041537523269653,0,
426,A,0.07157551497220993,direct_from_heterograph,False,0.07157551497220993,0.07157551497220993,0.07157551497220993,0,
427,G,0.01986311748623848,direct_from_heterograph,False,0.01986311748623848,0.01986311748623848,0.01986311748623848,0,
428,A,0.008794575929641724,direct_from_heterograph,False,0.008794575929641724,0.008794575929641724,0.008794575929641724,0,
429,C,0.015403445810079575,direct_from_heterograph,False,0.015403445810079575,0.015403445810079575,0.015403445810079575,0,
430,A,0.03719858080148697,direct_from_heterograph,False,0.03719858080148697,0.03719858080148697,0.03719858080148697,0,
431,C,0.008723462000489235,direct_from_heterograph,False,0.008723462000489235,0.008723462000489235,0.008723462000489235,0,
432,A,0.004989012144505978,direct_from_heterograph,False,0.004989012144505978,0.004989012144505978,0.004989012144505978,0,
433,G,0.004107508808374405,direct_from_heterograph,False,0.004107508808374405,0.004107508808374405,0.004107508808374405,0,
434,A,0.007451528683304787,direct_from_heterograph,False,0.007451528683304787,0.007451528683304787,0.007451528683304787,0,
435,G,0.002231963910162449,direct_from_heterograph,False,0.002231963910162449,0.002231963910162449,0.002231963910162449,0,
436,C,0.0028019798919558525,direct_from_heterograph,False,0.0028019798919558525,0.0028019798919558525,0.0028019798919558525,0,
437,A,0.0031511997804045677,direct_from_heterograph,False,0.0031511997804045677,0.0031511997804045677,0.0031511997804045677,0,
438,G,0.0035175669472664595,direct_from_heterograph,False,0.0035175669472664595,0.0035175669472664595,0.0035175669472664595,0,
439,A,0.007326413877308369,direct_from_heterograph,True,0.007326413877308369,0.007326413877308369,0.007326413877308369,0,
440,C,0.003774851094931364,direct_from_heterograph,False,0.003774851094931364,0.003774851094931364,0.003774851094931364,0,
441,A,0.0038656911347061396,direct_from_heterograph,False,0.0038656911347061396,0.0038656911347061396,0.0038656911347061396,0,
442,G,0.0033115181140601635,direct_from_heterograph,False,0.0033115181140601635,0.0033115181140601635,0.0033115181140601635,0,
443,G,0.002464903984218836,direct_from_heterograph,False,0.002464903984218836,0.002464903984218836,0.002464903984218836,0,
444,C,0.0021850273478776217,direct_from_heterograph,False,0.0021850273478776217,0.0021850273478776217,0.0021850273478776217,0,
445,C,0.010033811442553997,direct_from_heterograph,False,0.010033811442553997,0.010033811442553997,0.010033811442553997,0,
446,A,0.025072598829865456,direct_from_heterograph,False,0.025072598829865456,0.025072598829865456,0.025072598829865456,0,
447,C,0.014318035915493965,direct_from_heterograph,False,0.014318035915493965,0.014318035915493965,0.014318035915493965,0,
448,C,0.014075578190386295,direct_from_heterograph,False,0.014075578190386295,0.014075578190386295,0.014075578190386295,0,
449,T,0.0066025955602526665,direct_from_heterograph,False,0.0066025955602526665,0.0066025955602526665,0.0066025955602526665,0,
450,T,0.007301043253391981,direct_from_heterograph,False,0.007301043253391981,0.007301043253391981,0.007301043253391981,0,
451,T,0.013131866231560707,direct_from_heterograph,False,0.013131866231560707,0.013131866231560707,0.013131866231560707,0,
452,G,0.008642311207950115,direct_from_heterograph,False,0.008642311207950115,0.008642311207950115,0.008642311207950115,0,
453,C,0.0033871931955218315,direct_from_heterograph,False,0.0033871931955218315,0.0033871931955218315,0.0033871931955218315,0,
454,A,0.007269252557307482,direct_from_heterograph,False,0.007269252557307482,0.007269252557307482,0.007269252557307482,0,
455,A,0.009881334379315376,direct_from_heterograph,False,0.009881334379315376,0.009881334379315376,0.009881334379315376,0,
456,C,0.006435029208660126,direct_from_heterograph,False,0.006435029208660126,0.006435029208660126,0.006435029208660126,0,
457,C,0.0041708629578351974,direct_from_heterograph,False,0.0041708629578351974,0.0041708629578351974,0.0041708629578351974,0,
458,A,0.009504490531980991,direct_from_heterograph,True,0.009504490531980991,0.009504490531980991,0.009504490531980991,0,
459,C,0.011209094896912575,direct_from_heterograph,False,0.011209094896912575,0.011209094896912575,0.011209094896912575,0,
460,A,0.020372634753584862,direct_from_heterograph,False,0.020372634753584862,0.020372634753584862,0.020372634753584862,0,
461,T,0.01243699062615633,direct_from_heterograph,False,0.01243699062615633,0.01243699062615633,0.01243699062615633,0,
462,G,0.014413964934647083,direct_from_heterograph,False,0.014413964934647083,0.014413964934647083,0.014413964934647083,0,
463,G,0.015024801716208458,direct_from_heterograph,False,0.015024801716208458,0.015024801716208458,0.015024801716208458,0,
464,A,0.05293509364128113,direct_from_heterograph,False,0.05293509364128113,0.05293509364128113,0.05293509364128113,0,
465,G,0.011410068720579147,direct_from_heterograph,False,0.011410068720579147,0.011410068720579147,0.011410068720579147,0,
466,G,0.002968486165627837,direct_from_heterograph,False,0.002968486165627837,0.002968486165627837,0.002968486165627837,0,
467,T,0.0040636514313519,direct_from_heterograph,False,0.0040636514313519,0.0040636514313519,0.0040636514313519,0,
468,T,0.0031058574095368385,direct_from_heterograph,False,0.0031058574095368385,0.0031058574095368385,0.0031058574095368385,0,
469,T,0.0037879212759435177,direct_from_heterograph,False,0.0037879212759435177,0.0037879212759435177,0.0037879212759435177,0,
470,G,0.0044100843369960785,direct_from_heterograph,False,0.0044100843369960785,0.0044100843369960785,0.0044100843369960785,0,
471,T,0.007992997765541077,direct_from_heterograph,False,0.007992997765541077,0.007992997765541077,0.007992997765541077,0,
472,C,0.004209661856293678,direct_from_heterograph,False,0.004209661856293678,0.004209661856293678,0.004209661856293678,0,
473,T,0.0038876610342413187,direct_from_heterograph,False,0.0038876610342413187,0.0038876610342413187,0.0038876610342413187,0,
474,G,0.0042091235518455505,direct_from_heterograph,False,0.0042091235518455505,0.0042091235518455505,0.0042091235518455505,0,
475,A,0.003874364774674177,direct_from_heterograph,False,0.003874364774674177,0.003874364774674177,0.003874364774674177,0,
476,T,0.006026390008628368,direct_from_heterograph,False,0.006026390008628368,0.006026390008628368,0.006026390008628368,0,
477,A,0.01402495801448822,direct_from_heterograph,False,0.01402495801448822,0.01402495801448822,0.01402495801448822,0,
478,T,0.007279599085450172,direct_from_heterograph,False,0.007279599085450172,0.007279599085450172,0.007279599085450172,0,
479,T,0.003066612407565117,direct_from_heterograph,False,0.003066612407565117,0.003066612407565117,0.003066612407565117,0,
480,G,0.0031676534563302994,direct_from_heterograph,False,0.0031676534563302994,0.0031676534563302994,0.0031676534563302994,0,
481,A,0.0026934584602713585,direct_from_heterograph,False,0.0026934584602713585,0.0026934584602713585,0.0026934584602713585,0,
482,A,0.006211199797689915,direct_from_heterograph,False,0.006211199797689915,0.006211199797689915,0.006211199797689915,0,
483,G,0.004670991562306881,direct_from_heterograph,False,0.004670991562306881,0.004670991562306881,0.004670991562306881,0,
484,C,0.005540317855775356,direct_from_heterograph,False,0.005540317855775356,0.005540317855775356,0.005540317855775356,0,
485,T,0.007533268537372351,direct_from_heterograph,False,0.007533268537372351,0.007533268537372351,0.007533268537372351,0,
486,A,0.00912667065858841,direct_from_heterograph,False,0.00912667065858841,0.00912667065858841,0.00912667065858841,0,
487,A,0.008430199697613716,direct_from_heterograph,False,0.008430199697613716,0.008430199697613716,0.008430199697613716,0,
488,A,0.004021052271127701,direct_from_heterograph,False,0.004021052271127701,0.004021052271127701,0.004021052271127701,0,
489,G,0.001674118684604764,direct_from_heterograph,False,0.001674118684604764,0.001674118684604764,0.001674118684604764,0,
490,A,0.004214793909341097,direct_from_heterograph,False,0.004214793909341097,0.004214793909341097,0.004214793909341097,0,
491,A,0.006747847888618708,direct_from_heterograph,False,0.006747847888618708,0.006747847888618708,0.006747847888618708,0,
492,G,0.008659644052386284,direct_from_heterograph,False,0.008659644052386284,0.008659644052386284,0.008659644052386284,0,
493,C,0.007468037772923708,direct_from_heterograph,False,0.007468037772923708,0.007468037772923708,0.007468037772923708,0,
494,T,0.00874701514840126,direct_from_heterograph,False,0.00874701514840126,0.00874701514840126,0.00874701514840126,0,
495,A,0.003645884105935693,direct_from_heterograph,False,0.003645884105935693,0.003645884105935693,0.003645884105935693,0,
496,A,0.006260368041694164,direct_from_heterograph,False,0.006260368041694164,0.006260368041694164,0.006260368041694164,0,
497,G,0.004177164286375046,direct_from_heterograph,False,0.004177164286375046,0.004177164286375046,0.004177164286375046,0,
498,C,0.004253472201526165,direct_from_heterograph,False,0.004253472201526165,0.004253472201526165,0.004253472201526165,0,
499,T,0.003908123821020126,direct_from_heterograph,False,0.003908123821020126,0.003908123821020126,0.003908123821020126,0,
500,G,0.003680141642689705,direct_from_heterograph,False,0.003680141642689705,0.003680141642689705,0.003680141642689705,0,
501,G,0.004838554188609123,direct_from_heterograph,False,0.004838554188609123,0.004838554188609123,0.004838554188609123,0,
502,A,0.019581835716962814,direct_from_heterograph,False,0.019581835716962814,0.019581835716962814,0.019581835716962814,0,
503,A,0.08773842453956604,direct_from_heterograph,False,0.08773842453956604,0.08773842453956604,0.08773842453956604,0,
504,G,0.02415778860449791,direct_from_heterograph,False,0.02415778860449791,0.02415778860449791,0.02415778860449791,0,
505,A,0.008634565398097038,direct_from_heterograph,True,0.008634565398097038,0.008634565398097038,0.008634565398097038,0,
506,C,0.012418584898114204,direct_from_heterograph,False,0.012418584898114204,0.012418584898114204,0.012418584898114204,0,
507,A,0.010073430836200714,direct_from_heterograph,False,0.010073430836200714,0.010073430836200714,0.010073430836200714,0,
508,G,0.005431787110865116,direct_from_heterograph,False,0.005431787110865116,0.005431787110865116,0.005431787110865116,0,
509,A,0.01562111359089613,direct_from_heterograph,False,0.01562111359089613,0.01562111359089613,0.01562111359089613,0,
510,G,0.0058480529114604,direct_from_heterograph,False,0.0058480529114604,0.0058480529114604,0.0058480529114604,0,
511,A,0.011264697648584843,direct_from_heterograph,False,0.011264697648584843,0.011264697648584843,0.011264697648584843,0,
512,G,0.004630088806152344,direct_from_heterograph,False,0.004630088806152344,0.004630088806152344,0.004630088806152344,0,
513,A,0.0060106003656983376,direct_from_heterograph,True,0.0060106003656983376,0.0060106003656983376,0.0060106003656983376,0,
514,C,0.0036865505389869213,direct_from_heterograph,False,0.0036865505389869213,0.0036865505389869213,0.0036865505389869213,0,
515,C,0.005106187891215086,direct_from_heterograph,False,0.005106187891215086,0.005106187891215086,0.005106187891215086,0,
516,A,0.008934907615184784,direct_from_heterograph,False,0.008934907615184784,0.008934907615184784,0.008934907615184784,0,
517,A,0.007021891884505749,direct_from_heterograph,False,0.007021891884505749,0.007021891884505749,0.007021891884505749,0,
518,G,0.004328979179263115,direct_from_heterograph,False,0.004328979179263115,0.004328979179263115,0.004328979179263115,0,
519,T,0.003409255761653185,direct_from_heterograph,False,0.003409255761653185,0.003409255761653185,0.003409255761653185,0,
520,C,0.0033918130211532116,direct_from_heterograph,False,0.0033918130211532116,0.0033918130211532116,0.0033918130211532116,0,
521,C,0.0031160362996160984,direct_from_heterograph,False,0.0031160362996160984,0.0031160362996160984,0.0031160362996160984,0,
522,T,0.002798918867483735,direct_from_heterograph,False,0.002798918867483735,0.002798918867483735,0.002798918867483735,0,
523,G,0.004526039585471153,direct_from_heterograph,False,0.004526039585471153,0.004526039585471153,0.004526039585471153,0,
524,A,0.018668705597519875,direct_from_heterograph,False,0.018668705597519875,0.018668705597519875,0.018668705597519875,0,
525,T,0.008216062560677528,direct_from_heterograph,False,0.008216062560677528,0.008216062560677528,0.008216062560677528,0,
526,G,0.0035320036113262177,direct_from_heterograph,False,0.0035320036113262177,0.0035320036113262177,0.0035320036113262177,0,
527,A,0.0036044418811798096,direct_from_heterograph,True,0.0036044418811798096,0.0036044418811798096,0.0036044418811798096,0,
528,C,0.004130769520998001,direct_from_heterograph,False,0.004130769520998001,0.004130769520998001,0.004130769520998001,0,
529,A,0.007723143324255943,direct_from_heterograph,False,0.007723143324255943,0.007723143324255943,0.007723143324255943,0,
530,T,0.013521682471036911,direct_from_heterograph,False,0.013521682471036911,0.013521682471036911,0.013521682471036911,0,
531,T,0.01120489276945591,direct_from_heterograph,False,0.01120489276945591,0.01120489276945591,0.01120489276945591,0,
532,G,0.007664324715733528,direct_from_heterograph,False,0.007664324715733528,0.007664324715733528,0.007664324715733528,0,
533,T,0.01580740511417389,direct_from_heterograph,False,0.01580740511417389,0.01580740511417389,0.01580740511417389,0,
534,T,0.02357800491154194,direct_from_heterograph,False,0.02357800491154194,0.02357800491154194,0.02357800491154194,0,
535,T,0.025758473202586174,direct_from_heterograph,False,0.025758473202586174,0.025758473202586174,0.025758473202586174,0,
536,G,0.01977398246526718,direct_from_heterograph,False,0.01977398246526718,0.01977398246526718,0.01977398246526718,0,
537,A,0.04883665591478348,direct_from_heterograph,False,0.04883665591478348,0.04883665591478348,0.04883665591478348,0,
538,A,0.05566687881946564,direct_from_heterograph,True,0.05566687881946564,0.05566687881946564,0.05566687881946564,0,
539,C,0.029581081122159958,direct_from_heterograph,False,0.029581081122159958,0.029581081122159958,0.029581081122159958,0,
540,C,0.007375333458185196,direct_from_heterograph,False,0.007375333458185196,0.007375333458185196,0.007375333458185196,0,
541,C,0.0051543619483709335,direct_from_heterograph,False,0.0051543619483709335,0.0051543619483709335,0.0051543619483709335,0,
542,A,0.005572423338890076,direct_from_heterograph,False,0.005572423338890076,0.005572423338890076,0.005572423338890076,0,
543,G,0.021572714671492577,direct_from_heterograph,False,0.021572714671492577,0.021572714671492577,0.021572714671492577,0,
544,A,0.05033522844314575,direct_from_heterograph,False,0.05033522844314575,0.05033522844314575,0.05033522844314575,0,
545,G,0.0052397288382053375,direct_from_heterograph,False,0.0052397288382053375,0.0052397288382053375,0.0052397288382053375,0,
546,A,0.0037785186432302,direct_from_heterograph,False,0.0037785186432302,0.0037785186432302,0.0037785186432302,0,
547,T,0.004371898248791695,direct_from_heterograph,False,0.004371898248791695,0.004371898248791695,0.004371898248791695,0,
548,C,0.011362902820110321,direct_from_heterograph,False,0.011362902820110321,0.011362902820110321,0.011362902820110321,0,
549,C,0.01845243200659752,direct_from_heterograph,False,0.01845243200659752,0.01845243200659752,0.01845243200659752,0,
550,A,0.00645472202450037,direct_from_heterograph,False,0.00645472202450037,0.00645472202450037,0.00645472202450037,0,
551,G,0.009105533361434937,direct_from_heterograph,False,0.009105533361434937,0.009105533361434937,0.009105533361434937,0,
552,A,0.04945370554924011,direct_from_heterograph,True,0.04945370554924011,0.04945370554924011,0.04945370554924011,0,
553,C,0.04842900112271309,direct_from_heterograph,False,0.04842900112271309,0.04842900112271309,0.04842900112271309,0,
554,A,0.0834614485502243,direct_from_heterograph,False,0.0834614485502243,0.0834614485502243,0.0834614485502243,0,
555,T,0.012381507083773613,direct_from_heterograph,False,0.012381507083773613,0.012381507083773613,0.012381507083773613,0,
556,G,0.0036298013292253017,direct_from_heterograph,False,0.0036298013292253017,0.0036298013292253017,0.0036298013292253017,0,
557,C,0.003962957300245762,direct_from_heterograph,False,0.003962957300245762,0.003962957300245762,0.003962957300245762,0,
558,C,0.0034448751248419285,direct_from_heterograph,False,0.0034448751248419285,0.0034448751248419285,0.0034448751248419285,0,
559,T,0.0028437499422580004,direct_from_heterograph,False,0.0028437499422580004,0.0028437499422580004,0.0028437499422580004,0,
560,G,0.0031798870768398046,direct_from_heterograph,False,0.0031798870768398046,0.0031798870768398046,0.0031798870768398046,0,
561,A,0.009060226380825043,direct_from_heterograph,False,0.009060226380825043,0.009060226380825043,0.009060226380825043,0,
562,A,0.008953329175710678,direct_from_heterograph,False,0.008953329175710678,0.008953329175710678,0.008953329175710678,0,
563,A,0.006703482009470463,direct_from_heterograph,False,0.006703482009470463,0.006703482009470463,0.006703482009470463,0,
564,A,0.006151670590043068,direct_from_heterograph,True,0.006151670590043068,0.006151670590043068,0.006151670590043068,0,
565,C,0.006425718776881695,direct_from_heterograph,False,0.006425718776881695,0.006425718776881695,0.006425718776881695,0,
566,T,0.004914451856166124,direct_from_heterograph,False,0.004914451856166124,0.004914451856166124,0.004914451856166124,0,
567,A,0.0068768952041864395,direct_from_heterograph,False,0.0068768952041864395,0.0068768952041864395,0.0068768952041864395,0,
568,G,0.005674958229064941,direct_from_heterograph,False,0.005674958229064941,0.005674958229064941,0.005674958229064941,0,
569,T,0.0064467135816812515,direct_from_heterograph,False,0.0064467135816812515,0.0064467135816812515,0.0064467135816812515,0,
570,T,0.003066426143050194,direct_from_heterograph,False,0.003066426143050194,0.003066426143050194,0.003066426143050194,0,
571,T,0.0033869559410959482,direct_from_heterograph,False,0.0033869559410959482,0.0033869559410959482,0.0033869559410959482,0,
572,T,0.005203597713261843,direct_from_heterograph,False,0.005203597713261843,0.005203597713261843,0.005203597713261843,0,
573,A,0.007981414906680584,direct_from_heterograph,False,0.007981414906680584,0.007981414906680584,0.007981414906680584,0,
574,C,0.008433781564235687,direct_from_heterograph,False,0.008433781564235687,0.008433781564235687,0.008433781564235687,0,
575,C,0.0067937737330794334,direct_from_heterograph,False,0.0067937737330794334,0.0067937737330794334,0.0067937737330794334,0,
576,A,0.006749884225428104,direct_from_heterograph,False,0.006749884225428104,0.006749884225428104,0.006749884225428104,0,
577,C,0.004477436654269695,direct_from_heterograph,False,0.004477436654269695,0.004477436654269695,0.004477436654269695,0,
578,T,0.00584203377366066,direct_from_heterograph,False,0.00584203377366066,0.00584203377366066,0.00584203377366066,0,
579,G,0.005597349256277084,direct_from_heterograph,False,0.005597349256277084,0.005597349256277084,0.005597349256277084,0,
580,G,0.011982526630163193,direct_from_heterograph,False,0.011982526630163193,0.011982526630163193,0.011982526630163193,0,
581,A,0.007759604137390852,direct_from_heterograph,True,0.007759604137390852,0.007759604137390852,0.007759604137390852,0,
582,C,0.005334220360964537,direct_from_heterograph,False,0.005334220360964537,0.005334220360964537,0.005334220360964537,0,
583,T,0.003916893154382706,direct_from_heterograph,False,0.003916893154382706,0.003916893154382706,0.003916893154382706,0,
584,T,0.023119550198316574,direct_from_heterograph,False,0.023119550198316574,0.023119550198316574,0.023119550198316574,0,
585,A,0.16193842887878418,direct_from_heterograph,False,0.16193842887878418,0.16193842887878418,0.16193842887878418,0,
586,T,0.025020906701683998,direct_from_heterograph,False,0.025020906701683998,0.025020906701683998,0.025020906701683998,0,
587,C,0.007901790551841259,direct_from_heterograph,False,0.007901790551841259,0.007901790551841259,0.007901790551841259,0,
588,C,0.007959052920341492,direct_from_heterograph,False,0.007959052920341492,0.007959052920341492,0.007959052920341492,0,
589,G,0.0032745888456702232,direct_from_heterograph,False,0.0032745888456702232,0.0032745888456702232,0.0032745888456702232,0,
590,T,0.008185932412743568,direct_from_heterograph,False,0.008185932412743568,0.008185932412743568,0.008185932412743568,0,
591,T,0.008187943138182163,direct_from_heterograph,False,0.008187943138182163,0.008187943138182163,0.008187943138182163,0,
592,G,0.004970951937139034,direct_from_heterograph,False,0.004970951937139034,0.004970951937139034,0.004970951937139034,0,
593,A,0.011491794139146805,direct_from_heterograph,False,0.011491794139146805,0.011491794139146805,0.011491794139146805,0,
594,A,0.009475747123360634,direct_from_heterograph,False,0.009475747123360634,0.009475747123360634,0.009475747123360634,0,
595,T,0.0103820925578475,direct_from_heterograph,False,0.0103820925578475,0.0103820925578475,0.0103820925578475,0,
596,G,0.005321023054420948,direct_from_heterograph,False,0.005321023054420948,0.005321023054420948,0.005321023054420948,0,
597,A,0.010321946814656258,direct_from_heterograph,False,0.010321946814656258,0.010321946814656258,0.010321946814656258,0,
598,G,0.008021848276257515,direct_from_heterograph,False,0.008021848276257515,0.008021848276257515,0.008021848276257515,0,
599,C,0.01170493196696043,direct_from_heterograph,False,0.01170493196696043,0.01170493196696043,0.01170493196696043,0,
600,C,0.0038960534147918224,direct_from_heterograph,False,0.0038960534147918224,0.0038960534147918224,0.0038960534147918224,0,
601,A,0.004302017856389284,direct_from_heterograph,False,0.004302017856389284,0.004302017856389284,0.004302017856389284,0,
602,A,0.008123885840177536,direct_from_heterograph,False,0.008123885840177536,0.008123885840177536,0.008123885840177536,0,
603,T,0.008789721876382828,direct_from_heterograph,False,0.008789721876382828,0.008789721876382828,0.008789721876382828,0,
604,A,0.011471143923699856,direct_from_heterograph,False,0.011471143923699856,0.011471143923699856,0.011471143923699856,0,
605,A,0.012993899174034595,direct_from_heterograph,False,0.012993899174034595,0.012993899174034595,0.012993899174034595,0,
606,A,0.011361830867826939,direct_from_heterograph,True,0.011361830867826939,0.011361830867826939,0.011361830867826939,0,
607,C,0.0037642864044755697,direct_from_heterograph,False,0.0037642864044755697,0.0037642864044755697,0.0037642864044755697,0,
608,T,0.003162400797009468,direct_from_heterograph,False,0.003162400797009468,0.003162400797009468,0.003162400797009468,0,
609,C,0.003960894420742989,direct_from_heterograph,False,0.003960894420742989,0.003960894420742989,0.003960894420742989,0,
610,T,0.005563299171626568,direct_from_heterograph,False,0.005563299171626568,0.005563299171626568,0.005563299171626568,0,
611,C,0.007468468975275755,direct_from_heterograph,False,0.007468468975275755,0.007468468975275755,0.007468468975275755,0,
612,T,0.00968259759247303,direct_from_heterograph,False,0.00968259759247303,0.00968259759247303,0.00968259759247303,0,
613,T,0.012769732624292374,direct_from_heterograph,False,0.012769732624292374,0.012769732624292374,0.012769732624292374,0,
614,T,0.010016927495598793,direct_from_heterograph,False,0.010016927495598793,0.010016927495598793,0.010016927495598793,0,
615,T,0.01048489473760128,direct_from_heterograph,False,0.01048489473760128,0.01048489473760128,0.01048489473760128,0,
616,A,0.015590045601129532,direct_from_heterograph,False,0.015590045601129532,0.015590045601129532,0.015590045601129532,0,
617,T,0.013589822687208652,direct_from_heterograph,False,0.013589822687208652,0.013589822687208652,0.013589822687208652,0,
618,A,0.011883783154189587,direct_from_heterograph,False,0.011883783154189587,0.011883783154189587,0.011883783154189587,0,
619,C,0.0073913815431296825,direct_from_heterograph,False,0.0073913815431296825,0.0073913815431296825,0.0073913815431296825,0,
620,T,0.005844291299581528,direct_from_heterograph,False,0.005844291299581528,0.005844291299581528,0.005844291299581528,0,
621,T,0.007641264237463474,direct_from_heterograph,False,0.007641264237463474,0.007641264237463474,0.007641264237463474,0,
622,A,0.015564743429422379,direct_from_heterograph,False,0.015564743429422379,0.015564743429422379,0.015564743429422379,0,
623,A,0.013807939365506172,direct_from_heterograph,False,0.013807939365506172,0.013807939365506172,0.013807939365506172,0,
624,C,0.02002284862101078,direct_from_heterograph,False,0.02002284862101078,0.02002284862101078,0.02002284862101078,0,
625,C,0.024665087461471558,direct_from_heterograph,False,0.024665087461471558,0.024665087461471558,0.024665087461471558,0,
626,T,0.019636578857898712,direct_from_heterograph,False,0.019636578857898712,0.019636578857898712,0.019636578857898712,0,
627,T,0.03262735903263092,direct_from_heterograph,False,0.03262735903263092,0.03262735903263092,0.03262735903263092,0,
628,G,0.017997732385993004,direct_from_heterograph,False,0.017997732385993004,0.017997732385993004,0.017997732385993004,0,
629,G,0.012818096205592155,direct_from_heterograph,False,0.012818096205592155,0.012818096205592155,0.012818096205592155,0,
630,G,0.0058608027175068855,direct_from_heterograph,False,0.0058608027175068855,0.0058608027175068855,0.0058608027175068855,0,
631,T,0.010436760261654854,direct_from_heterograph,False,0.010436760261654854,0.010436760261654854,0.010436760261654854,0,
632,T,0.0066120256669819355,direct_from_heterograph,False,0.0066120256669819355,0.0066120256669819355,0.0066120256669819355,0,
633,T,0.007615937851369381,direct_from_heterograph,False,0.007615937851369381,0.007615937851369381,0.007615937851369381,0,
634,T,0.013426011428236961,direct_from_heterograph,False,0.013426011428236961,0.013426011428236961,0.013426011428236961,0,
635,A,0.016582394018769264,direct_from_heterograph,False,0.016582394018769264,0.016582394018769264,0.016582394018769264,0,
636,C,0.014798615127801895,direct_from_heterograph,False,0.014798615127801895,0.014798615127801895,0.014798615127801895,0,
637,C,0.01839533820748329,direct_from_heterograph,False,0.01839533820748329,0.01839533820748329,0.01839533820748329,0,
638,T,0.00899521354585886,direct_from_heterograph,False,0.00899521354585886,0.00899521354585886,0.00899521354585886,0,
639,G,0.009945301339030266,direct_from_heterograph,False,0.009945301339030266,0.009945301339030266,0.009945301339030266,0,
640,G,0.008026257157325745,direct_from_heterograph,False,0.008026257157325745,0.008026257157325745,0.008026257157325745,0,
641,A,0.01128290593624115,direct_from_heterograph,False,0.01128290593624115,0.01128290593624115,0.01128290593624115,0,
642,T,0.003946411423385143,direct_from_heterograph,False,0.003946411423385143,0.003946411423385143,0.003946411423385143,0,
643,T,0.0031184961553663015,direct_from_heterograph,False,0.0031184961553663015,0.0031184961553663015,0.0031184961553663015,0,
644,T,0.0024756137281656265,direct_from_heterograph,False,0.0024756137281656265,0.0024756137281656265,0.0024756137281656265,0,
645,T,0.00281877676025033,direct_from_heterograph,False,0.00281877676025033,0.00281877676025033,0.00281877676025033,0,
646,T,0.010301683098077774,direct_from_heterograph,False,0.010301683098077774,0.010301683098077774,0.010301683098077774,0,
647,G,0.008386008441448212,direct_from_heterograph,False,0.008386008441448212,0.008386008441448212,0.008386008441448212,0,
648,T,0.011568999849259853,direct_from_heterograph,False,0.011568999849259853,0.011568999849259853,0.011568999849259853,0,
649,C,0.022297296673059464,direct_from_heterograph,False,0.022297296673059464,0.022297296673059464,0.022297296673059464,0,
650,A,0.01272512599825859,direct_from_heterograph,False,0.01272512599825859,0.01272512599825859,0.01272512599825859,0,
651,T,0.006242356728762388,direct_from_heterograph,False,0.006242356728762388,0.006242356728762388,0.006242356728762388,0,
652,T,0.006868204101920128,direct_from_heterograph,False,0.006868204101920128,0.006868204101920128,0.006868204101920128,0,
653,G,0.009112896397709846,direct_from_heterograph,False,0.009112896397709846,0.009112896397709846,0.009112896397709846,0,
654,A,0.016823086887598038,direct_from_heterograph,False,0.016823086887598038,0.016823086887598038,0.016823086887598038,0,
655,C,0.018354877829551697,direct_from_heterograph,False,0.018354877829551697,0.018354877829551697,0.018354877829551697,0,
656,A,0.02146587148308754,direct_from_heterograph,False,0.02146587148308754,0.02146587148308754,0.02146587148308754,0,
657,G,0.007797755300998688,direct_from_heterograph,False,0.007797755300998688,0.007797755300998688,0.007797755300998688,0,
658,C,0.0069240364246070385,direct_from_heterograph,False,0.0069240364246070385,0.0069240364246070385,0.0069240364246070385,0,
659,T,0.017333419993519783,direct_from_heterograph,False,0.017333419993519783,0.017333419993519783,0.017333419993519783,0,
660,C,0.01123318262398243,direct_from_heterograph,False,0.01123318262398243,0.01123318262398243,0.01123318262398243,0,
661,A,0.032106537371873856,direct_from_heterograph,False,0.032106537371873856,0.032106537371873856,0.032106537371873856,0,
662,A,0.07297912985086441,direct_from_heterograph,False,0.07297912985086441,0.07297912985086441,0.07297912985086441,0,
663,A,0.0663069486618042,direct_from_heterograph,False,0.0663069486618042,0.0663069486618042,0.0663069486618042,0,
664,A,0.05083884298801422,direct_from_heterograph,False,0.05083884298801422,0.05083884298801422,0.05083884298801422,0,
665,T,0.05545567721128464,direct_from_heterograph,False,0.05545567721128464,0.05545567721128464,0.05545567721128464,0,
666,A,0.10236617922782898,direct_from_heterograph,False,0.10236617922782898,0.10236617922782898,0.10236617922782898,0,
667,T,0.035654399544000626,direct_from_heterograph,False,0.035654399544000626,0.035654399544000626,0.035654399544000626,0,
668,T,0.027617115527391434,direct_from_heterograph,False,0.027617115527391434,0.027617115527391434,0.027617115527391434,0,
669,C,0.025284364819526672,direct_from_heterograph,False,0.025284364819526672,0.025284364819526672,0.025284364819526672,0,
670,T,0.02311161532998085,direct_from_heterograph,False,0.02311161532998085,0.02311161532998085,0.02311161532998085,0,
671,A,0.05176156014204025,direct_from_heterograph,False,0.05176156014204025,0.05176156014204025,0.05176156014204025,0,
672,A,0.0709112137556076,direct_from_heterograph,False,0.0709112137556076,0.0709112137556076,0.0709112137556076,0,
673,T,0.037435002624988556,direct_from_heterograph,False,0.037435002624988556,0.037435002624988556,0.037435002624988556,0,
674,A,0.04503127932548523,direct_from_heterograph,False,0.04503127932548523,0.04503127932548523,0.04503127932548523,0,
675,T,0.026464516296982765,direct_from_heterograph,False,0.026464516296982765,0.026464516296982765,0.026464516296982765,0,
676,A,0.023875702172517776,direct_from_heterograph,False,0.023875702172517776,0.023875702172517776,0.023875702172517776,0,
677,G,0.015587421134114265,direct_from_heterograph,False,0.015587421134114265,0.015587421134114265,0.015587421134114265,0,
678,A,0.048986174166202545,direct_from_heterograph,False,0.048986174166202545,0.048986174166202545,0.048986174166202545,0,
679,A,0.04119177162647247,direct_from_heterograph,False,0.04119177162647247,0.04119177162647247,0.04119177162647247,0,
680,G,0.006157215218991041,direct_from_heterograph,False,0.006157215218991041,0.006157215218991041,0.006157215218991041,0,
681,T,0.009729484096169472,direct_from_heterograph,False,0.009729484096169472,0.009729484096169472,0.009729484096169472,0,
682,A,0.013556845486164093,direct_from_heterograph,False,0.013556845486164093,0.013556845486164093,0.013556845486164093,0,
683,T,0.010431604459881783,direct_from_heterograph,False,0.010431604459881783,0.010431604459881783,0.010431604459881783,0,
684,A,0.02945360727608204,direct_from_heterograph,False,0.02945360727608204,0.02945360727608204,0.02945360727608204,0,
685,C,0.01613503322005272,direct_from_heterograph,False,0.01613503322005272,0.01613503322005272,0.01613503322005272,0,
686,A,0.022007431834936142,direct_from_heterograph,False,0.022007431834936142,0.022007431834936142,0.022007431834936142,0,
687,T,0.012946628034114838,direct_from_heterograph,False,0.012946628034114838,0.012946628034114838,0.012946628034114838,0,
688,C,0.011969096027314663,direct_from_heterograph,False,0.011969096027314663,0.011969096027314663,0.011969096027314663,0,
689,A,0.021851632744073868,direct_from_heterograph,False,0.021851632744073868,0.021851632744073868,0.021851632744073868,0,
690,T,0.021492887288331985,direct_from_heterograph,False,0.021492887288331985,0.021492887288331985,0.021492887288331985,0,
691,T,0.03184361010789871,direct_from_heterograph,False,0.03184361010789871,0.03184361010789871,0.03184361010789871,0,
692,A,0.05385137349367142,direct_from_heterograph,False,0.05385137349367142,0.05385137349367142,0.05385137349367142,0,
693,A,0.05296866595745087,direct_from_heterograph,False,0.05296866595745087,0.05296866595745087,0.05296866595745087,0,
694,A,0.047331154346466064,direct_from_heterograph,False,0.047331154346466064,0.047331154346466064,0.047331154346466064,0,
695,T,0.03162940591573715,direct_from_heterograph,False,0.03162940591573715,0.03162940591573715,0.03162940591573715,0,
696,C,0.04051641374826431,direct_from_heterograph,False,0.04051641374826431,0.04051641374826431,0.04051641374826431,0,
697,A,0.10520453751087189,direct_from_heterograph,False,0.10520453751087189,0.10520453751087189,0.10520453751087189,0,
698,A,0.14408819377422333,direct_from_heterograph,False,0.14408819377422333,0.14408819377422333,0.14408819377422333,0,
699,A,0.13622164726257324,direct_from_heterograph,False,0.13622164726257324,0.13622164726257324,0.13622164726257324,0,
700,A,0.11825399100780487,direct_from_heterograph,False,0.11825399100780487,0.11825399100780487,0.11825399100780487,0,
701,A,0.1059223860502243,direct_from_heterograph,False,0.1059223860502243,0.1059223860502243,0.1059223860502243,0,
702,A,0.07825212180614471,direct_from_heterograph,False,0.07825212180614471,0.07825212180614471,0.07825212180614471,0,
703,A,0.09108662605285645,direct_from_heterograph,False,0.09108662605285645,0.09108662605285645,0.09108662605285645,0,
704,A,0.10320653766393661,direct_from_heterograph,False,0.10320653766393661,0.10320653766393661,0.10320653766393661,0,
705,A,0.10147851705551147,direct_from_heterograph,False,0.10147851705551147,0.10147851705551147,0.10147851705551147,0,
706,A,0.071586474776268,direct_from_heterograph,False,0.071586474776268,0.071586474776268,0.071586474776268,0,
707,A,0.05944160372018814,direct_from_heterograph,False,0.05944160372018814,0.05944160372018814,0.05944160372018814,0,
708,A,0.05930299311876297,direct_from_heterograph,False,0.05930299311876297,0.05930299311876297,0.05930299311876297,0,
709,A,0.07611985504627228,direct_from_heterograph,False,0.07611985504627228,0.07611985504627228,0.07611985504627228,0,
710,A,0.08641310036182404,direct_from_heterograph,False,0.08641310036182404,0.08641310036182404,0.08641310036182404,0,
