Location,RegionType,MotifSeq,occ_total,occ_transcript_overlap,occ_strict_overlap,strict_overlap_rate,strict_unique_mod_sites
Cytoplasm,loop,AAAGAAAA,10,0,0,0.000000,0
Cytoplasm,loop,AAUGCAC,8,1,0,0.000000,0
Cytoplasm,loop,ACGUUCCCCA,18,0,0,0.000000,0
Cytoplasm,loop,AGGAGAG,14,0,0,0.000000,0
Cytoplasm,loop,AUGAAUAA,21,1,0,0.000000,0
Cytoplasm,loop,CAGCACAU,6,1,0,0.000000,0
Cytoplasm,loop,CGAAGAGGAA,6,0,0,0.000000,0
Cytoplasm,loop,CUAGUCCUC,14,0,0,0.000000,0
Cytoplasm,loop,GAAAACUAGAAAAAA,7,1,0,0.000000,0
Cytoplasm,loop,GAACAAAGA,5,0,0,0.000000,0
Cytoplasm,loop,GACAAACC,6,0,0,0.000000,0
Cytoplasm,loop,GGAGCA,14,0,0,0.000000,0
Cytoplasm,loop,UAAUGGAUGAU,14,1,0,0.000000,0
Cytoplasm,loop,UACAAAAUA,6,0,0,0.000000,0
Cytoplasm,loop,UACGAAAC,7,1,0,0.000000,0
Cytoplasm,loop,UAGUUGU,34,1,0,0.000000,0
Cytoplasm,loop,UCAAAUUUA,6,1,0,0.000000,0
Cytoplasm,loop,UGUAGCC,14,0,0,0.000000,0
Cytoplasm,loop,UUAAUAAAAC,9,1,0,0.000000,0
Cytoplasm,loop,UUAGCAAG,6,0,0,0.000000,0
Cytoplasm,stem,ACUGUUGUAACAGU,7,1,0,0.000000,0
Cytoplasm,stem,AGGACAGGCCUGUCCU,14,0,0,0.000000,0
Cytoplasm,stem,AGUAUCUAGGUACU,10,0,0,0.000000,0
Cytoplasm,stem,AGUGAAGCUUCACU,11,0,0,0.000000,0
Cytoplasm,stem,AUGGAUGAUGUCAUCCAU,7,0,0,0.000000,0
Cytoplasm,stem,CCGGGGGGCCGGUUUCCUGG,13,0,0,0.000000,0
Cytoplasm,stem,CUGGGUCGACCUAG,20,0,0,0.000000,0
Cytoplasm,stem,GAAGCACGUGCUUC,29,1,0,0.000000,0
Cytoplasm,stem,GAUGGCUGGUCGUC,14,1,0,0.000000,0
Cytoplasm,stem,GCCAUUUUCCUCGAGGGAGAUGGC,19,0,0,0.000000,0
Cytoplasm,stem,GCGCCGGCGU,16,0,0,0.000000,0
Cytoplasm,stem,GCGGGUCGACCUGC,8,0,0,0.000000,0
Cytoplasm,stem,GGGAGUUCCC,20,1,0,0.000000,0
Cytoplasm,stem,GGGCGGGCGUUUGCCC,16,0,0,0.000000,0
Cytoplasm,stem,GGUUCUAGAACU,19,0,0,0.000000,0
Cytoplasm,stem,GUGCAGGUACCUGCAU,16,0,0,0.000000,0
Cytoplasm,stem,UCUAGCUGGG,14,0,0,0.000000,0
Cytoplasm,stem,UGAUAGGCUUGUCA,6,1,0,0.000000,0
Cytoplasm,stem,UGUUCCCGGGAGCA,29,1,0,0.000000,0
Cytoplasm,stem,UUCUCGAGGA,18,0,0,0.000000,0
Cytosol,loop,AAGUGC,1399,144,0,0.000000,0
Cytosol,loop,ACCACG,495,40,7,0.014141,37
Cytosol,loop,ACCCCAGA,558,0,0,0.000000,0
Cytosol,loop,ACGUAUC,402,1,0,0.000000,0
Cytosol,loop,ACUAACACC,842,1,0,0.000000,0
Cytosol,loop,AGCCAC,1146,112,22,0.019197,26
Cytosol,loop,AGCCGA,447,4,0,0.000000,0
Cytosol,loop,AGGAGAAG,763,1,1,0.001311,1
Cytosol,loop,AGUCAG,565,6,0,0.000000,0
Cytosol,loop,AUUACA,1393,150,0,0.000000,0
Cytosol,loop,CACCCC,724,17,2,0.002762,8
Cytosol,loop,CAGUUAU,1032,2,0,0.000000,0
Cytosol,loop,CCAUGCUUC,553,0,0,0.000000,0
Cytosol,loop,CCUGUA,598,4,0,0.000000,0
Cytosol,loop,GACCUG,424,10,0,0.000000,0
Cytosol,loop,GAGACCA,784,6,6,0.007653,6
Cytosol,loop,GCCACC,773,3,0,0.000000,0
Cytosol,loop,UAGUUGU,560,2,0,0.000000,0
Cytosol,loop,UCAGUCCA,408,1,0,0.000000,0
Cytosol,loop,UGUGCACU,432,1,0,0.000000,0
Cytosol,stem,AGGCCU,21228,1598,0,0.000000,0
Cytosol,stem,AGGCGCCU,6616,574,0,0.000000,0
Cytosol,stem,CCCGGG,18363,1378,281,0.015303,341
Cytosol,stem,CCGCGG,5421,376,48,0.008854,64
Cytosol,stem,CCUAGG,18935,1347,0,0.000000,0
Cytosol,stem,CGCGCG,5608,328,23,0.004101,18
Cytosol,stem,CGGCCG,5887,386,63,0.010702,96
Cytosol,stem,CUCGAG,18619,1274,0,0.000000,0
Cytosol,stem,CUGCAG,27304,1968,0,0.000000,0
Cytosol,stem,GCCGGC,30357,2428,215,0.007082,144
Cytosol,stem,GCCGGU,7282,508,0,0.000000,0
Cytosol,stem,GCGCGC,5576,406,44,0.007891,76
Cytosol,stem,GCUAGC,17599,1268,0,0.000000,0
Cytosol,stem,GGAGCUCC,9933,726,0,0.000000,0
Cytosol,stem,GGAUCC,23448,1457,0,0.000000,0
Cytosol,stem,GGCCGGCC,8036,663,4,0.000498,3
Cytosol,stem,GGCGCC,33551,2540,231,0.006885,225
Cytosol,stem,GGGCCC,22150,1465,235,0.010609,204
Cytosol,stem,GGGCGCCC,6568,488,1,0.000152,1
Cytosol,stem,GGGGCCCC,4972,378,7,0.001408,6
ExtracellularVesicle,loop,AAAUACCA,19,0,0,0.000000,0
ExtracellularVesicle,loop,AAAUUUUCUG,17,0,0,0.000000,0
ExtracellularVesicle,loop,AACCAAGG,10,0,0,0.000000,0
ExtracellularVesicle,loop,AAUGCUUAA,10,0,0,0.000000,0
ExtracellularVesicle,loop,AGAAGAUAAGAAAA,8,0,0,0.000000,0
ExtracellularVesicle,loop,AGGACGUG,13,0,0,0.000000,0
ExtracellularVesicle,loop,AGUGGGAA,8,0,0,0.000000,0
ExtracellularVesicle,loop,AUCUAUGCAAAC,13,0,0,0.000000,0
ExtracellularVesicle,loop,CAUUCGGAACU,11,0,0,0.000000,0
ExtracellularVesicle,loop,CCAAGUAA,11,0,0,0.000000,0
ExtracellularVesicle,loop,CUCACAUAUUUU,9,0,0,0.000000,0
ExtracellularVesicle,loop,CUGCCUAUU,9,0,0,0.000000,0
ExtracellularVesicle,loop,GAAAAGUUCAUUUUAAAUAAA,11,0,0,0.000000,0
ExtracellularVesicle,loop,GCAGCAACAA,10,0,0,0.000000,0
ExtracellularVesicle,loop,GCUGAUAC,9,0,0,0.000000,0
ExtracellularVesicle,loop,GUAAUUUUAAUAA,10,0,0,0.000000,0
ExtracellularVesicle,loop,UCAUCAUCACAAAU,8,0,0,0.000000,0
ExtracellularVesicle,loop,UGUGGUUUU,13,0,0,0.000000,0
ExtracellularVesicle,loop,UUUCACCUCAAUUUCUAUC,9,0,0,0.000000,0
ExtracellularVesicle,loop,UUUUGAUUU,13,0,0,0.000000,0
ExtracellularVesicle,stem,ACUCAUAGGCCUGUGAGU,13,0,0,0.000000,0
ExtracellularVesicle,stem,AGGAAGAAGAUUUUCUUCCU,12,0,0,0.000000,0
ExtracellularVesicle,stem,AGGACCUAGGUCCU,12,0,0,0.000000,0
ExtracellularVesicle,stem,AGUAAUAUAUUACU,13,0,0,0.000000,0
ExtracellularVesicle,stem,AGUACAGAUUUGUAUU,10,0,0,0.000000,0
ExtracellularVesicle,stem,AUAAGUAAUAAUUAUUGCUUAU,19,0,0,0.000000,0
ExtracellularVesicle,stem,CACCAGGUACCUGGUG,10,0,0,0.000000,0
ExtracellularVesicle,stem,CACCUUUAUAAAGGUG,10,0,0,0.000000,0
ExtracellularVesicle,stem,CAGAUGAUUGUCUG,9,0,0,0.000000,0
ExtracellularVesicle,stem,CUAUUGCAAUAG,17,0,0,0.000000,0
ExtracellularVesicle,stem,GCAAUUCAUGAAUUGC,14,0,0,0.000000,0
ExtracellularVesicle,stem,GCAGCUUUGAGGUUGC,9,0,0,0.000000,0
ExtracellularVesicle,stem,GUAUCAUGUGGUAU,13,0,0,0.000000,0
ExtracellularVesicle,stem,GUUACAUGCGUGUGAC,16,0,0,0.000000,0
ExtracellularVesicle,stem,UCUCCAUCGGUGGAGG,13,0,0,0.000000,0
ExtracellularVesicle,stem,UGAGACAGUUGUUUCA,11,0,0,0.000000,0
ExtracellularVesicle,stem,UGUUUGCGCAGACA,15,0,0,0.000000,0
ExtracellularVesicle,stem,UUUAGUGCAUUAAA,12,0,0,0.000000,0
ExtracellularVesicle,stem,UUUAUUUUUAAGAAUAAA,11,0,0,0.000000,0
ExtracellularVesicle,stem,UUUCAGUAUAUUGAAA,9,0,0,0.000000,0
Membrane,loop,ACGUUCCCCA,87,0,0,0.000000,0
Membrane,loop,AGCUCUCUAUAUC,60,0,0,0.000000,0
Membrane,loop,AGGAGAG,65,0,0,0.000000,0
Membrane,loop,AUGAAUAA,116,2,0,0.000000,0
Membrane,loop,AUUUGC,49,0,0,0.000000,0
Membrane,loop,CAAUUUCC,31,0,0,0.000000,0
Membrane,loop,CACCACAUUU,43,0,0,0.000000,0
Membrane,loop,CAGUUAU,121,0,0,0.000000,0
Membrane,loop,CAUGGACA,42,0,0,0.000000,0
Membrane,loop,CUAGUCCUC,50,0,0,0.000000,0
Membrane,loop,GGAGCA,65,0,0,0.000000,0
Membrane,loop,GGUCGG,67,0,0,0.000000,0
Membrane,loop,GUUUGUAUUA,19,0,0,0.000000,0
Membrane,loop,UAAUGGAUGAU,85,1,0,0.000000,0
Membrane,loop,UAGUACUCC,49,0,0,0.000000,0
Membrane,loop,UAGUUGU,170,1,0,0.000000,0
Membrane,loop,UGUAGCC,95,0,0,0.000000,0
Membrane,loop,UGUGCACU,90,0,0,0.000000,0
Membrane,loop,UUACAGAAGUUUAUAC,24,0,0,0.000000,0
Membrane,loop,UUAGCAAG,33,0,0,0.000000,0
Membrane,stem,AGGACAGGCCUGUCCU,65,0,0,0.000000,0
Membrane,stem,AGGGAUCCCU,183,1,0,0.000000,0
Membrane,stem,AGUGAAGCUUCACU,53,3,0,0.000000,0
Membrane,stem,CCGGGGGGCCGGUUUCCUGG,64,0,0,0.000000,0
Membrane,stem,CGACCUGGGUUG,120,0,0,0.000000,0
Membrane,stem,CGGUCCGGGCCG,98,0,0,0.000000,0
Membrane,stem,CUGGGUCGACCUAG,76,0,0,0.000000,0
Membrane,stem,GAAGCACGUGCUUC,149,2,0,0.000000,0
Membrane,stem,GAUGGCUGGUCGUC,85,1,0,0.000000,0
Membrane,stem,GCCAUUUUCCUCGAGGGAGAUGGC,89,1,0,0.000000,0
Membrane,stem,GCGCCGGCGU,83,0,0,0.000000,0
Membrane,stem,GCGGGUCGUGACCUGC,34,0,0,0.000000,0
Membrane,stem,GCUUUCGAAAGC,75,0,0,0.000000,0
Membrane,stem,GGGAGUUCCC,91,1,0,0.000000,0
Membrane,stem,GGGCGGGCGUUUGCCC,77,0,0,0.000000,0
Membrane,stem,GGUUCUAGAACU,90,1,0,0.000000,0
Membrane,stem,GUGCAGGUACCUGCAU,77,0,0,0.000000,0
Membrane,stem,UCUAGCUGGG,67,0,0,0.000000,0
Membrane,stem,UGUUCCCGGGAGCA,141,1,0,0.000000,0
Membrane,stem,UUCUCGAGGA,92,1,0,0.000000,0
Mitochondrion,loop,AAAAUGACACUA,3,0,0,0.000000,0
Mitochondrion,loop,AACCUGUC,3,0,0,0.000000,0
Mitochondrion,loop,AAUGAGAAUCACC,3,0,0,0.000000,0
Mitochondrion,loop,AAUGCAC,5,0,0,0.000000,0
Mitochondrion,loop,AUCUGAUUUCAA,2,0,0,0.000000,0
Mitochondrion,loop,AUUAUAAAACCAG,3,0,0,0.000000,0
Mitochondrion,loop,CAAUAGAUAC,2,0,0,0.000000,0
Mitochondrion,loop,CACCCAUCU,3,0,0,0.000000,0
Mitochondrion,loop,CCCCUUUU,3,0,0,0.000000,0
Mitochondrion,loop,CCUCCCCCUCCUCUUUC,2,0,0,0.000000,0
Mitochondrion,loop,CCUUCAUG,2,0,0,0.000000,0
Mitochondrion,loop,CCUUUCCCUCCUCCCCUUCUUCC,2,0,0,0.000000,0
Mitochondrion,loop,GCCUCAACUCCUCCUUUUAAAUUUUUUAAUAAAGA,3,0,0,0.000000,0
Mitochondrion,loop,GGGUUUGUGUUGAA,4,0,0,0.000000,0
Mitochondrion,loop,UACGAAAC,5,0,0,0.000000,0
Mitochondrion,loop,UAUAGUG,3,0,0,0.000000,0
Mitochondrion,loop,UGUCAUGGUUAUU,2,0,0,0.000000,0
Mitochondrion,loop,UUAAUAAAAC,4,0,0,0.000000,0
Mitochondrion,loop,UUAGUACAGAACAAAAU,3,2,0,0.000000,0
Mitochondrion,loop,UUUUUCUUUAUAAAUUA,2,0,0,0.000000,0
Mitochondrion,stem,AAAUAUACGUAUGUUU,3,0,0,0.000000,0
Mitochondrion,stem,AGAAAUCGAUUUCU,3,0,0,0.000000,0
Mitochondrion,stem,AUCUAUCGAUGGAU,3,0,0,0.000000,0
Mitochondrion,stem,AUUUUUCGAAAAGU,3,2,0,0.000000,0
Mitochondrion,stem,CAGAGUACUUUG,4,0,0,0.000000,0
Mitochondrion,stem,CCUCCUUGUAAGGGGG,3,0,0,0.000000,0
Mitochondrion,stem,CGGCUGCUGGCAGCCG,2,0,0,0.000000,0
Mitochondrion,stem,CUUAAUGGCGUUAUUGGG,2,0,0,0.000000,0
Mitochondrion,stem,GAGUCUGUAGACUC,3,0,0,0.000000,0
Mitochondrion,stem,GCUGGGAUCCCAGC,6,0,0,0.000000,0
Mitochondrion,stem,GGAGUGAAUAUUCACUCC,3,0,0,0.000000,0
Mitochondrion,stem,GGCCAGGUCUGGUU,3,0,0,0.000000,0
Mitochondrion,stem,GUGUUGAUCAACAU,3,0,0,0.000000,0
Mitochondrion,stem,UCGCUGUACAGUGG,2,0,0,0.000000,0
Mitochondrion,stem,UCUAAAUAUUUAGG,2,0,0,0.000000,0
Mitochondrion,stem,UCUUCUGCGCAGAGGA,2,0,0,0.000000,0
Mitochondrion,stem,UGCCCCUAGGGGCA,3,0,0,0.000000,0
Mitochondrion,stem,UGCUGGUACCGGCA,2,0,0,0.000000,0
Mitochondrion,stem,UGGACUUCAGCCGGCUGGAGUUCA,4,0,0,0.000000,0
Mitochondrion,stem,UGUUGGCCAACA,6,0,0,0.000000,0
Nucleolus,loop,ACGUUCCCCA,64,0,0,0.000000,0
Nucleolus,loop,AGCUCUCUAUAUC,40,0,0,0.000000,0
Nucleolus,loop,AGGAGAG,49,0,0,0.000000,0
Nucleolus,loop,AUGAAUAA,85,2,0,0.000000,0
Nucleolus,loop,AUUUGC,36,0,0,0.000000,0
Nucleolus,loop,CAAUUUCC,22,0,0,0.000000,0
Nucleolus,loop,CACCACAUUU,33,0,0,0.000000,0
Nucleolus,loop,CAUGGACA,31,0,0,0.000000,0
Nucleolus,loop,CGAAGAGGAA,18,0,0,0.000000,0
Nucleolus,loop,CGACUCACUU,15,1,0,0.000000,0
Nucleolus,loop,CUAGUCCUC,40,0,0,0.000000,0
Nucleolus,loop,GAAUAA,55,1,0,0.000000,0
Nucleolus,loop,GGAGCA,49,0,0,0.000000,0
Nucleolus,loop,GUAUUGAUAAUG,13,0,0,0.000000,0
Nucleolus,loop,UAAUGGAUGAU,55,1,0,0.000000,0
Nucleolus,loop,UAGUACUCC,33,0,0,0.000000,0
Nucleolus,loop,UAGUUGU,113,1,0,0.000000,0
Nucleolus,loop,UCUCCGUGACCU,14,0,0,0.000000,0
Nucleolus,loop,UGUAGCC,68,0,0,0.000000,0
Nucleolus,loop,UUAGCAAG,23,0,0,0.000000,0
Nucleolus,stem,AGAGGAUCCUCU,57,0,0,0.000000,0
Nucleolus,stem,AGGACAGGCCUGUCCU,49,0,0,0.000000,0
Nucleolus,stem,AGGGAUCCCU,124,1,0,0.000000,0
Nucleolus,stem,AGUGAAGCUUCACU,39,3,0,0.000000,0
Nucleolus,stem,CCGGGGGGCCGGUUUCCUGG,46,0,0,0.000000,0
Nucleolus,stem,CGGAUCCG,82,1,0,0.000000,0
Nucleolus,stem,CGGUCCGGGCCG,70,0,0,0.000000,0
Nucleolus,stem,CUGGGUCGACCUAG,60,0,0,0.000000,0
Nucleolus,stem,GAAGCACGUGCUUC,113,2,0,0.000000,0
Nucleolus,stem,GAUGGCUGGUCGUC,55,1,0,0.000000,0
Nucleolus,stem,GCCAUUUUCCUCGAGGGAGAUGGC,72,1,0,0.000000,0
Nucleolus,stem,GCGCCGGCGU,62,0,0,0.000000,0
Nucleolus,stem,GGAAAUUUCC,81,0,0,0.000000,0
Nucleolus,stem,GGGAGUUCCC,67,0,0,0.000000,0
Nucleolus,stem,GGGCGGGCGUUUGCCC,56,0,0,0.000000,0
Nucleolus,stem,GGUUCUAGAACU,72,1,0,0.000000,0
Nucleolus,stem,GUGCAGGUACCUGCAU,58,0,0,0.000000,0
Nucleolus,stem,UCUAGCUGGG,49,0,0,0.000000,0
Nucleolus,stem,UGUUCCCGGGAGCA,94,1,0,0.000000,0
Nucleolus,stem,UUCUCGAGGA,66,0,0,0.000000,0
Nucleoplasm,loop,ACGUUCCCCA,64,0,0,0.000000,0
Nucleoplasm,loop,AGCUCUCUAUAUC,39,0,0,0.000000,0
Nucleoplasm,loop,AGGAGAG,49,0,0,0.000000,0
Nucleoplasm,loop,AUGAAUAA,86,2,0,0.000000,0
Nucleoplasm,loop,AUUUGC,36,0,0,0.000000,0
Nucleoplasm,loop,CAAUUUCC,21,0,0,0.000000,0
Nucleoplasm,loop,CACCACAUUU,32,0,0,0.000000,0
Nucleoplasm,loop,CAUGGACA,30,0,0,0.000000,0
Nucleoplasm,loop,CGAAGAGGAA,18,0,0,0.000000,0
Nucleoplasm,loop,CGACUCACUU,15,1,0,0.000000,0
Nucleoplasm,loop,CUAGUCCUC,40,0,0,0.000000,0
Nucleoplasm,loop,GAAUAA,58,2,0,0.000000,0
Nucleoplasm,loop,GCCUAG,20,0,0,0.000000,0
Nucleoplasm,loop,GGAGCA,49,0,0,0.000000,0
Nucleoplasm,loop,GGUCGG,38,0,0,0.000000,0
Nucleoplasm,loop,UAAUGGAUGAU,56,1,0,0.000000,0
Nucleoplasm,loop,UAGUACUCC,32,0,0,0.000000,0
Nucleoplasm,loop,UAGUUGU,112,1,0,0.000000,0
Nucleoplasm,loop,UGUAGCC,67,0,0,0.000000,0
Nucleoplasm,loop,UUAGCAAG,23,0,0,0.000000,0
Nucleoplasm,stem,AGAGGAUCCUCU,57,0,0,0.000000,0
Nucleoplasm,stem,AGGACAGGCCUGUCCU,49,0,0,0.000000,0
Nucleoplasm,stem,AGGGAUCCCU,123,1,0,0.000000,0
Nucleoplasm,stem,AGUGAAGCUUCACU,39,3,0,0.000000,0
Nucleoplasm,stem,CCGGGGGGCCGGUUUCCUGG,46,0,0,0.000000,0
Nucleoplasm,stem,CGGAUCCG,82,1,0,0.000000,0
Nucleoplasm,stem,CGGUCCGGGCCG,69,0,0,0.000000,0
Nucleoplasm,stem,CUGGGUCGACCUAG,60,0,0,0.000000,0
Nucleoplasm,stem,GAAGCACGUGCUUC,114,2,0,0.000000,0
Nucleoplasm,stem,GAUGGCUGGUCGUC,56,1,0,0.000000,0
Nucleoplasm,stem,GCCAUUUUCCUCGAGGGAGAUGGC,71,1,0,0.000000,0
Nucleoplasm,stem,GCGCCGGCGU,61,0,0,0.000000,0
Nucleoplasm,stem,GGAAAUUUCC,81,0,0,0.000000,0
Nucleoplasm,stem,GGGAGUUCCC,68,1,0,0.000000,0
Nucleoplasm,stem,GGGCGGGCGUUUGCCC,56,0,0,0.000000,0
Nucleoplasm,stem,GGUUCUAGAACU,72,1,0,0.000000,0
Nucleoplasm,stem,GUGCAGGUACCUGCAU,58,0,0,0.000000,0
Nucleoplasm,stem,UCUAGCUGGG,49,0,0,0.000000,0
Nucleoplasm,stem,UGUUCCCGGGAGCA,95,1,0,0.000000,0
Nucleoplasm,stem,UUCUCGAGGA,66,0,0,0.000000,0
Ribosome,loop,AAAAACAAAAAAAGUUC,2,1,0,0.000000,0
Ribosome,loop,AAACAAGUGAACAAAG,2,1,0,0.000000,0
Ribosome,loop,AAUUUACAAGUCA,2,0,0,0.000000,0
Ribosome,loop,ACAGUAAUCAC,2,0,0,0.000000,0
Ribosome,loop,ACAUUUUUAU,2,0,0,0.000000,0
Ribosome,loop,ACUAUUUAA,2,0,0,0.000000,0
Ribosome,loop,ACUCCAAC,2,0,0,0.000000,0
Ribosome,loop,AUGAAAAAUCG,2,0,0,0.000000,0
Ribosome,loop,AUGGUUUUC,2,0,0,0.000000,0
Ribosome,loop,AUUAUAAAACCAG,3,0,0,0.000000,0
Ribosome,loop,CACCCAUCU,3,0,0,0.000000,0
Ribosome,loop,CCAAACAUCC,2,0,0,0.000000,0
Ribosome,loop,GAAAACAGUUAAAAA,2,0,0,0.000000,0
Ribosome,loop,GGGUUUGUGUUGAA,4,0,0,0.000000,0
Ribosome,loop,GUGCGUA,2,0,0,0.000000,0
Ribosome,loop,UAUAAAAA,3,0,0,0.000000,0
Ribosome,loop,UCUCACUAUGUU,2,0,0,0.000000,0
Ribosome,loop,UGUCAUGGUUAUU,2,0,0,0.000000,0
Ribosome,loop,UUAGUACAGAACAAAAU,3,2,0,0.000000,0
Ribosome,loop,UUUUUCUUUAUAAAUUA,2,0,0,0.000000,0
Ribosome,stem,AGGAGAUCGAUCUCCU,2,0,0,0.000000,0
Ribosome,stem,AUCUAUCGAUGGAU,3,0,0,0.000000,0
Ribosome,stem,AUUUUUCGAAAAGU,3,2,0,0.000000,0
Ribosome,stem,CCUGUUAUAGUGGG,2,0,0,0.000000,0
Ribosome,stem,CGGGUCGGCUCG,2,0,0,0.000000,0
Ribosome,stem,CUUAAUGGCGUUAUUGGG,2,0,0,0.000000,0
Ribosome,stem,GGCGCCUGGGUGUU,2,0,0,0.000000,0
Ribosome,stem,GGGGGUAGCUGCCCCU,2,0,0,0.000000,0
Ribosome,stem,GGUAGGCCUGUC,2,0,0,0.000000,0
Ribosome,stem,GUCCUGGCCAGGAU,3,0,0,0.000000,0
Ribosome,stem,GUCGGGUACCUGAC,2,0,0,0.000000,0
Ribosome,stem,GUGUUGAUCAACAU,3,0,0,0.000000,0
Ribosome,stem,UACUCCUGCGUGGGGGUA,2,0,0,0.000000,0
Ribosome,stem,UCGCUGUACAGUGG,2,0,0,0.000000,0
Ribosome,stem,UCGGGGCGCUCCGA,3,1,0,0.000000,0
Ribosome,stem,UGCUGGUACCGGCA,2,0,0,0.000000,0
Ribosome,stem,UGGAAGAUGUCUUCCG,2,0,0,0.000000,0
Ribosome,stem,UUCCUGCAGCCGGUUGCGGGAA,2,0,0,0.000000,0
Ribosome,stem,UUGGAAGUGCUUCCAG,2,0,0,0.000000,0
Ribosome,stem,UUGUCGACGG,3,2,0,0.000000,0
