Group,Location,RegionType,MotifSeq,k_in_location,N_location_total,n_global_with_motif,M_global_total,hypergeom_pvalue,q_value_bh,significant
Cytosol|stem,Cytosol,stem,GGCGCC,23414,57579,24184,63491,0.0,0,1
Cytosol|stem,Cytosol,stem,GCCGGC,21703,57579,22449,63491,0.0,0,1
Cytosol|stem,Cytosol,stem,GGGCCC,17066,57579,17625,63491,1.1958577014739078e-287,1.19073e-282,1
Cytosol|stem,Cytosol,stem,CCCGGG,14587,57579,15077,63491,4.168824053727154e-230,3.11322e-225,1
Cytosol|stem,Cytosol,stem,CGCGCG,5099,57579,5117,63491,8.389835116373357e-194,5.01232e-189,1
Cytosol|stem,Cytosol,stem,GCGCGC,5068,57579,5097,63491,9.842756966086836e-178,4.90028e-173,1
Cytosol|stem,Cytosol,stem,CGGCCG,5368,57579,5422,63491,7.768525354812652e-163,3.3151e-158,1
Cytosol|stem,Cytosol,stem,GGAGCUCC,8744,57579,9003,63491,1.0356757412620216e-145,3.86714e-141,1
Cytosol|stem,Cytosol,stem,GGCCGGCC,7180,57579,7346,63491,1.7296765925499667e-145,5.74087e-141,1
Cytosol|stem,Cytosol,stem,CCGCGG,4986,57579,5050,63491,1.1395199906795627e-137,3.40391e-133,1
Cytosol|stem,Cytosol,stem,GCCGGU,6635,57579,6806,63491,1.2773772610139946e-122,3.46882e-118,1
Cytosol|stem,Cytosol,stem,GGGCGCCC,6036,57579,6186,63491,2.8833109196565266e-114,7.17738e-110,1
Cytosol|stem,Cytosol,stem,CUGCAG,20338,57579,21596,63491,3.3916561940869318e-112,7.79335e-108,1
Cytosol|stem,Cytosol,stem,AGGCCU,16434,57579,17357,63491,6.667277124978054e-111,1.42258e-106,1
Cytosol|stem,Cytosol,stem,CCUAGG,14898,57579,15715,63491,5.2624100543874204e-104,1.04797e-99,1
Cytosol|stem,Cytosol,stem,GGAUCC,18140,57579,19233,63491,6.002604716207238e-104,1.12066e-99,1
Cytosol|stem,Cytosol,stem,AGGCGCCU,6027,57579,6194,63491,7.190532486094074e-104,1.26348e-99,1
Cytosol|stem,Cytosol,stem,GCUAGC,14439,57579,15230,63491,2.639443656201005e-100,4.19164e-96,1
Cytosol|stem,Cytosol,stem,CUCGAG,14874,57579,15701,63491,2.666135091491956e-100,4.19164e-96,1
Cytosol|stem,Cytosol,stem,GGGGCCCC,4542,57579,4635,63491,9.354458318516065e-98,1.39715e-93,1
Membrane|stem,Membrane,stem,GAAGCACGUGCUUC,149,2046,272,63491,6.431656148081405e-147,1.47034e-142,1
Membrane|stem,Membrane,stem,UGUUCCCGGGAGCA,141,2046,430,63491,3.3872867401133837e-100,3.87184e-96,1
Membrane|stem,Membrane,stem,GGGCGGGCGUUUGCCC,77,2046,92,63491,1.3660724845180139e-99,1.04099e-95,1
Membrane|stem,Membrane,stem,GUGCAGGUACCUGCAU,77,2046,93,63491,7.696873808129296e-99,4.39896e-95,1
Membrane|stem,Membrane,stem,CUGGGUCGACCUAG,76,2046,95,63491,2.6684272596305858e-95,1.22006e-91,1
Membrane|stem,Membrane,stem,GCCAUUUUCCUCGAGGGAGAUGGC,89,2046,144,63491,1.243912233211706e-94,4.73951e-91,1
Membrane|stem,Membrane,stem,GGUUCUAGAACU,90,2046,159,63491,1.0893357932759766e-90,3.55762e-87,1
Membrane|stem,Membrane,stem,GAUGGCUGGUCGUC,85,2046,148,63491,1.8335882250974328e-86,5.23971e-83,1
Membrane|stem,Membrane,stem,CCGGGGGGCCGGUUUCCUGG,64,2046,76,63491,2.7198869516615805e-83,6.90882e-80,1
Membrane|stem,Membrane,stem,AGGACAGGCCUGUCCU,65,2046,83,63491,1.6973128689839668e-80,3.88023e-77,1
Membrane|stem,Membrane,stem,UCUAGCUGGG,67,2046,100,63491,4.0867975104081716e-75,8.49348e-72,1
Membrane|stem,Membrane,stem,CGGUCCGGGCCG,98,2046,279,63491,4.1842343539791916e-73,7.97132e-70,1
Membrane|stem,Membrane,stem,GCGCCGGCGU,83,2046,194,63491,1.7937564600591472e-70,3.15439e-67,1
Membrane|stem,Membrane,stem,AGGGAUCCCU,183,2046,1215,63491,1.4822792271933033e-68,2.42046e-65,1
Membrane|stem,Membrane,stem,UUCUCGAGGA,92,2046,280,63491,1.1183090950158913e-65,1.70438e-62,1
Membrane|stem,Membrane,stem,CGACCUGGGUUG,120,2046,531,63491,7.229874280735961e-65,1.03301e-61,1
Membrane|stem,Membrane,stem,AGUGAAGCUUCACU,53,2046,83,63491,6.0544590257010745e-58,8.14182e-55,1
Membrane|stem,Membrane,stem,GGGAGUUCCC,91,2046,356,63491,2.449826993656907e-54,3.11142e-51,1
Membrane|stem,Membrane,stem,GCUUUCGAAAGC,75,2046,256,63491,1.1597532692506676e-49,1.39543e-46,1
Membrane|stem,Membrane,stem,GCGGGUCGUGACCUGC,34,2046,37,63491,1.0288228125315025e-47,1.176e-44,1
Nucleoplasm|stem,Nucleoplasm,stem,GAAGCACGUGCUUC,114,1044,272,63491,7.865625419440423e-129,1.10528e-124,1
Nucleoplasm|stem,Nucleoplasm,stem,GCCAUUUUCCUCGAGGGAGAUGGC,71,1044,144,63491,9.44396126906811e-87,6.63533e-83,1
Nucleoplasm|stem,Nucleoplasm,stem,GGUUCUAGAACU,72,1044,159,63491,1.8319666499306987e-84,8.58093e-81,1
Nucleoplasm|stem,Nucleoplasm,stem,CUGGGUCGACCUAG,60,1044,95,63491,1.1658152784180199e-82,4.09551e-79,1
Nucleoplasm|stem,Nucleoplasm,stem,GUGCAGGUACCUGCAU,58,1044,93,63491,1.9131775168999875e-79,5.37679e-76,1
Nucleoplasm|stem,Nucleoplasm,stem,UGUUCCCGGGAGCA,95,1044,430,63491,5.501100899173487e-77,1.28836e-73,1
Nucleoplasm|stem,Nucleoplasm,stem,GGGCGGGCGUUUGCCC,56,1044,92,63491,7.670497595351533e-76,1.5398e-72,1
Nucleoplasm|stem,Nucleoplasm,stem,AGGACAGGCCUGUCCU,49,1044,83,63491,1.6128649966683273e-65,2.833e-62,1
Nucleoplasm|stem,Nucleoplasm,stem,CCGGGGGGCCGGUUUCCUGG,46,1044,76,63491,2.597915978650796e-62,4.05621e-59,1
Nucleoplasm|stem,Nucleoplasm,stem,GAUGGCUGGUCGUC,56,1044,148,63491,1.986858334151355e-60,2.79193e-57,1
Nucleoplasm|stem,Nucleoplasm,stem,UCUAGCUGGG,49,1044,100,63491,5.57975186998099e-60,6.87827e-57,1
Nucleoplasm|stem,Nucleoplasm,stem,GCGCCGGCGU,61,1044,194,63491,5.87384471642086e-60,6.87827e-57,1
Nucleoplasm|stem,Nucleoplasm,stem,CGGUCCGGGCCG,69,1044,279,63491,1.1127138949898286e-59,1.20276e-56,1
Nucleoplasm|stem,Nucleoplasm,stem,AGGGAUCCCU,123,1044,1215,63491,9.240219062397668e-59,9.27454e-56,1
Nucleoplasm|stem,Nucleoplasm,stem,UUCUCGAGGA,66,1044,280,63491,1.226558210682661e-55,1.14904e-52,1
Nucleoplasm|stem,Nucleoplasm,stem,GGGAGUUCCC,68,1044,356,63491,8.911791324849041e-51,7.82678e-48,1
Nucleoplasm|stem,Nucleoplasm,stem,AGUGAAGCUUCACU,39,1044,83,63491,4.797248859955187e-47,3.96535e-44,1
Nucleoplasm|stem,Nucleoplasm,stem,AGAGGAUCCUCU,57,1044,319,63491,4.838275171283585e-41,3.77708e-38,1
Nucleoplasm|stem,Nucleoplasm,stem,CGGAUCCG,82,1044,787,63491,3.6538059113513657e-40,2.70228e-37,1
Nucleoplasm|stem,Nucleoplasm,stem,GGAAAUUUCC,81,1044,858,63491,1.4520115593721164e-36,1.02018e-33,1
Nucleolus|stem,Nucleolus,stem,GAAGCACGUGCUUC,113,1058,272,63491,1.7895781885300665e-126,2.56626e-122,1
Nucleolus|stem,Nucleolus,stem,GCCAUUUUCCUCGAGGGAGAUGGC,72,1058,144,63491,3.966511252236753e-88,2.84399e-84,1
Nucleolus|stem,Nucleolus,stem,GGUUCUAGAACU,72,1058,159,63491,4.851038833062015e-84,2.3188e-80,1
Nucleolus|stem,Nucleolus,stem,CUGGGUCGACCUAG,60,1058,95,63491,2.6333908843281603e-82,9.44071e-79,1
Nucleolus|stem,Nucleolus,stem,GUGCAGGUACCUGCAU,58,1058,93,63491,4.201365561883191e-79,1.20495e-75,1
Nucleolus|stem,Nucleolus,stem,GGGCGGGCGUUUGCCC,56,1058,92,63491,1.6373347467593377e-75,3.91323e-72,1
Nucleolus|stem,Nucleolus,stem,UGUUCCCGGGAGCA,94,1058,430,63491,3.504323033326473e-75,7.17886e-72,1
Nucleolus|stem,Nucleolus,stem,AGGACAGGCCUGUCCU,49,1058,83,63491,3.12253542501642e-65,5.59714e-62,1
Nucleolus|stem,Nucleolus,stem,CCGGGGGGCCGGUUUCCUGG,46,1058,76,63491,4.8278296647998866e-62,7.69234e-59,1
Nucleolus|stem,Nucleolus,stem,GCGCCGGCGU,62,1058,194,63491,4.516861463611465e-61,6.47718e-58,1
Nucleolus|stem,Nucleolus,stem,CGGUCCGGGCCG,70,1058,279,63491,1.308649765869053e-60,1.706e-57,1
Nucleolus|stem,Nucleolus,stem,UCUAGCUGGG,49,1058,100,63491,1.0762230982976715e-59,1.28609e-56,1
Nucleolus|stem,Nucleolus,stem,AGGGAUCCCU,124,1058,1215,63491,5.5336116476917435e-59,6.104e-56,1
Nucleolus|stem,Nucleolus,stem,GAUGGCUGGUCGUC,55,1058,148,63491,1.5690871625769195e-58,1.60719e-55,1
Nucleolus|stem,Nucleolus,stem,UUCUCGAGGA,66,1058,280,63491,2.899283106560481e-55,2.77171e-52,1
Nucleolus|stem,Nucleolus,stem,GGGAGUUCCC,67,1058,356,63491,3.150158145168567e-49,2.82333e-46,1
Nucleolus|stem,Nucleolus,stem,AGUGAAGCUUCACU,39,1058,83,63491,8.065288456309778e-47,6.80331e-44,1
Nucleolus|stem,Nucleolus,stem,AGAGGAUCCUCU,57,1058,319,63491,9.964943664665458e-41,7.93874e-38,1
Nucleolus|stem,Nucleolus,stem,CGGAUCCG,82,1058,787,63491,9.735310490648172e-40,7.3476e-37,1
Nucleolus|stem,Nucleolus,stem,GGAAAUUUCC,81,1058,858,63491,3.752703862976556e-36,2.69069e-33,1
Membrane|loop,Membrane,loop,UAGUUGU,170,2046,562,63491,2.635027568251929e-114,4.7802e-110,1
Membrane|loop,Membrane,loop,ACGUUCCCCA,87,2046,112,63491,7.534253881177861e-107,6.83394e-103,1
Membrane|loop,Membrane,loop,AUGAAUAA,116,2046,239,63491,3.3721148987459684e-106,2.03912e-102,1
Membrane|loop,Membrane,loop,UAAUGGAUGAU,85,2046,148,63491,1.8335882250974328e-86,8.31578e-83,1
Membrane|loop,Membrane,loop,UGUAGCC,95,2046,244,63491,7.877497884960909e-76,2.85811e-72,1
Membrane|loop,Membrane,loop,AGGAGAG,65,2046,104,63491,7.21440838775175e-70,2.18128e-66,1
Membrane|loop,Membrane,loop,CUAGUCCUC,50,2046,57,63491,3.0401553760420636e-67,7.87878e-64,1
Membrane|loop,Membrane,loop,GGAGCA,65,2046,167,63491,3.1181039042132805e-52,7.07069e-49,1
Membrane|loop,Membrane,loop,UGUGCACU,90,2046,432,63491,9.433289793898216e-46,1.90144e-42,1
Membrane|loop,Membrane,loop,UUAGCAAG,33,2046,38,63491,1.9682023086323544e-44,3.57052e-41,1
Membrane|loop,Membrane,loop,UAGUACUCC,49,2046,106,63491,3.5451357354025044e-44,5.84657e-41,1
Membrane|loop,Membrane,loop,AGCUCUCUAUAUC,60,2046,198,63491,6.103798143562567e-41,9.22742e-38,1
Membrane|loop,Membrane,loop,CACCACAUUU,43,2046,100,63491,2.9571330069882823e-37,4.12657e-34,1
Membrane|loop,Membrane,loop,CAGUUAU,121,2046,1032,63491,2.275072353765404e-34,2.94801e-31,1
Membrane|loop,Membrane,loop,CAUGGACA,42,2046,113,63491,2.9583567070631736e-33,3.50225e-30,1
Membrane|loop,Membrane,loop,GGUCGG,67,2046,335,63491,3.088913743131501e-33,3.50225e-30,1
Membrane|loop,Membrane,loop,CAAUUUCC,31,2046,63,63491,1.534399532195203e-29,1.63738e-26,1
Membrane|loop,Membrane,loop,GUUUGUAUUA,19,2046,19,63491,4.1729034637129197e-29,4.20559e-26,1
Membrane|loop,Membrane,loop,UUACAGAAGUUUAUAC,24,2046,34,63491,1.3259801818496913e-28,1.26603e-25,1
Membrane|loop,Membrane,loop,AUUUGC,49,2046,209,63491,5.309988423055146e-28,4.81642e-25,1
Nucleoplasm|loop,Nucleoplasm,loop,AUGAAUAA,86,1044,239,63491,3.7824279327451976e-90,4.00105e-86,1
Nucleoplasm|loop,Nucleoplasm,loop,UAGUUGU,112,1044,562,63491,1.5463470800269658e-85,8.17863e-82,1
Nucleoplasm|loop,Nucleoplasm,loop,ACGUUCCCCA,64,1044,112,63491,5.745683855900501e-84,2.02593e-80,1
Nucleoplasm|loop,Nucleoplasm,loop,UGUAGCC,67,1044,244,63491,2.578194843438236e-61,6.81804e-58,1
Nucleoplasm|loop,Nucleoplasm,loop,UAAUGGAUGAU,56,1044,148,63491,1.986858334151355e-60,4.2034e-57,1
Nucleoplasm|loop,Nucleoplasm,loop,AGGAGAG,49,1044,104,63491,7.070509775908689e-59,1.24653e-55,1
Nucleoplasm|loop,Nucleoplasm,loop,CUAGUCCUC,40,1044,57,63491,2.2201757897561914e-58,3.355e-55,1
Nucleoplasm|loop,Nucleoplasm,loop,GGAGCA,49,1044,167,63491,1.053610370914329e-46,1.39314e-43,1
Nucleoplasm|loop,Nucleoplasm,loop,CACCACAUUU,32,1044,100,63491,2.5217041338766735e-32,2.96384e-29,1
Nucleoplasm|loop,Nucleoplasm,loop,UUAGCAAG,23,1044,38,63491,8.949019765507505e-32,9.46627e-29,1
Nucleoplasm|loop,Nucleoplasm,loop,UAGUACUCC,32,1044,106,63491,2.1148386685172566e-31,2.03371e-28,1
Nucleoplasm|loop,Nucleoplasm,loop,AGCUCUCUAUAUC,39,1044,198,63491,3.6262837722285776e-30,3.19657e-27,1
Nucleoplasm|loop,Nucleoplasm,loop,CAUGGACA,30,1044,113,63491,1.1668441178631945e-27,9.49452e-25,1
Nucleoplasm|loop,Nucleoplasm,loop,AUUUGC,36,1044,209,63491,8.102473940929756e-26,6.122e-23,1
Nucleoplasm|loop,Nucleoplasm,loop,GAAUAA,58,1044,652,63491,3.744595027442938e-25,2.64069e-22,1
Nucleoplasm|loop,Nucleoplasm,loop,CGACUCACUU,15,1044,19,63491,5.7337987933553884e-24,3.79076e-21,1
Nucleoplasm|loop,Nucleoplasm,loop,CGAAGAGGAA,18,1044,35,63491,2.332092231801818e-23,1.45111e-20,1
Nucleoplasm|loop,Nucleoplasm,loop,CAAUUUCC,21,1044,63,63491,4.0528628800925663e-22,2.38173e-19,1
Nucleoplasm|loop,Nucleoplasm,loop,GCCUAG,20,1044,62,63491,8.38122551780019e-21,4.66614e-18,1
Nucleoplasm|loop,Nucleoplasm,loop,GGUCGG,38,1044,335,63491,1.558812205794289e-20,8.24456e-18,1
Nucleolus|loop,Nucleolus,loop,AUGAAUAA,85,1058,239,63491,4.318065526587457e-88,4.63588e-84,1
Nucleolus|loop,Nucleolus,loop,UAGUUGU,113,1058,562,63491,4.1109799351942505e-86,2.20677e-82,1
Nucleolus|loop,Nucleolus,loop,ACGUUCCCCA,64,1058,112,63491,1.3694817306025181e-83,4.90092e-80,1
Nucleolus|loop,Nucleolus,loop,UGUAGCC,68,1058,244,63491,2.579860592375098e-62,6.92435e-59,1
Nucleolus|loop,Nucleolus,loop,AGGAGAG,49,1058,104,63491,1.3625627386179895e-58,2.80762e-55,1
Nucleolus|loop,Nucleolus,loop,UAAUGGAUGAU,55,1058,148,63491,1.5690871625769195e-58,2.80762e-55,1
Nucleolus|loop,Nucleolus,loop,CUAGUCCUC,40,1058,57,63491,3.8070107364555705e-58,5.83887e-55,1
Nucleolus|loop,Nucleolus,loop,GGAGCA,49,1058,167,63491,2.002509440634817e-46,2.68737e-43,1
Nucleolus|loop,Nucleolus,loop,CACCACAUUU,33,1058,100,63491,1.2963085758372778e-33,1.54635e-30,1
Nucleolus|loop,Nucleolus,loop,UAGUACUCC,33,1058,106,63491,1.1815380960748296e-32,1.2685e-29,1
Nucleolus|loop,Nucleolus,loop,UUAGCAAG,23,1058,38,63491,1.2157626834171759e-31,1.18658e-28,1
Nucleolus|loop,Nucleolus,loop,AGCUCUCUAUAUC,40,1058,198,63491,3.8586427527471353e-31,3.4522e-28,1
Nucleolus|loop,Nucleolus,loop,CAUGGACA,31,1058,113,63491,7.571613937106983e-29,6.25299e-26,1
Nucleolus|loop,Nucleolus,loop,AUUUGC,36,1058,209,63491,1.2707554092523164e-25,9.74488e-23,1
Nucleolus|loop,Nucleolus,loop,CGACUCACUU,15,1058,19,63491,7.005491650134573e-24,5.01406e-21,1
Nucleolus|loop,Nucleolus,loop,CAAUUUCC,22,1058,63,63491,1.6867516788199624e-23,1.13181e-20,1
Nucleolus|loop,Nucleolus,loop,CGAAGAGGAA,18,1058,35,63491,2.9591329228261634e-23,1.86878e-20,1
Nucleolus|loop,Nucleolus,loop,UCUCCGUGACCU,14,1058,17,63491,7.590885831925054e-23,4.52754e-20,1
Nucleolus|loop,Nucleolus,loop,GAAUAA,55,1058,652,63491,1.5121433031897911e-22,8.54441e-20,1
Nucleolus|loop,Nucleolus,loop,GUAUUGAUAAUG,13,1058,16,63491,3.798073003333662e-21,2.03881e-18,1
Cytosol|loop,Cytosol,loop,AAGUGC,1354,57579,1359,63491,2.304760443232763e-50,7.1024e-45,1
Cytosol|loop,Cytosol,loop,CAGUUAU,1032,57579,1032,63491,6.541319252669567e-45,1.00789e-39,1
Cytosol|loop,Cytosol,loop,ACUAACACC,842,57579,842,63491,1.0179809032583949e-36,1.04568e-31,1
Cytosol|loop,Cytosol,loop,AGGAGAAG,763,57579,763,63491,2.548198671262076e-33,1.96314e-28,1
Cytosol|loop,Cytosol,loop,AGCCAC,1114,57579,1126,63491,8.8608583997515e-33,5.46116e-28,1
Cytosol|loop,Cytosol,loop,GCCACC,773,57579,774,63491,6.994141555738862e-32,3.59221e-27,1
Cytosol|loop,Cytosol,loop,GAGACCA,784,57579,787,63491,2.241255067956102e-29,9.86671e-25,1
Cytosol|loop,Cytosol,loop,AUUACA,1322,57579,1350,63491,5.815445598452446e-28,2.24012e-23,1
Cytosol|loop,Cytosol,loop,CCAUGCUUC,553,57579,553,63491,2.6204438027093105e-24,8.97246e-20,1
Cytosol|loop,Cytosol,loop,AGUCAG,565,57579,566,63491,4.3381583638656495e-23,1.33686e-18,1
Cytosol|loop,Cytosol,loop,UAGUUGU,560,57579,562,63491,1.8912704611344605e-21,5.29834e-17,1
Cytosol|loop,Cytosol,loop,ACCCCAGA,558,57579,560,63491,2.2875391996535603e-21,5.87444e-17,1
Cytosol|loop,Cytosol,loop,CCUGUA,596,57579,600,63491,1.6758289606903562e-20,3.97251e-16,1
Cytosol|loop,Cytosol,loop,UGUGCACU,432,57579,432,63491,3.951347677214893e-19,8.69754e-15,1
Cytosol|loop,Cytosol,loop,CACCCC,723,57579,734,63491,6.193881643280152e-19,1.27248e-14,1
Cytosol|loop,Cytosol,loop,GACCUG,423,57579,423,63491,9.582878274055834e-19,1.84567e-14,1
Cytosol|loop,Cytosol,loop,AGCCGA,447,57579,448,63491,3.8726027026915465e-18,7.01994e-14,1
Cytosol|loop,Cytosol,loop,UCAGUCCA,408,57579,408,63491,4.193908819402673e-18,7.18002e-14,1
Cytosol|loop,Cytosol,loop,ACGUAUC,402,57579,402,63491,7.568735605619327e-18,1.22758e-13,1
Cytosol|loop,Cytosol,loop,ACCACG,489,57579,492,63491,2.492342271590353e-17,3.84023e-13,1
Cytoplasm|stem,Cytoplasm,stem,GAAGCACGUGCUUC,29,315,272,63491,1.3187489493133985e-29,5.96734e-26,1
Cytoplasm|stem,Cytoplasm,stem,CUGGGUCGACCUAG,20,315,95,63491,5.427137732564819e-27,1.22789e-23,1
Cytoplasm|stem,Cytoplasm,stem,UGUUCCCGGGAGCA,29,315,430,63491,6.924894388401415e-24,1.0445e-20,1
Cytoplasm|stem,Cytoplasm,stem,GCCAUUUUCCUCGAGGGAGAUGGC,19,315,144,63491,1.3193898333826087e-21,1.49256e-18,1
Cytoplasm|stem,Cytoplasm,stem,GGUUCUAGAACU,19,315,159,63491,9.164754771343162e-21,8.2941e-18,1
Cytoplasm|stem,Cytoplasm,stem,GGGCGGGCGUUUGCCC,16,315,92,63491,2.0617445756840494e-20,1.5549e-17,1
Cytoplasm|stem,Cytoplasm,stem,GUGCAGGUACCUGCAU,16,315,93,63491,2.479119833055241e-20,1.60257e-17,1
Cytoplasm|stem,Cytoplasm,stem,AGGACAGGCCUGUCCU,14,315,83,63491,7.965280041647302e-18,4.50536e-15,1
Cytoplasm|stem,Cytoplasm,stem,CCGGGGGGCCGGUUUCCUGG,13,315,76,63491,9.933946303932531e-17,4.99457e-14,1
Cytoplasm|stem,Cytoplasm,stem,UCUAGCUGGG,14,315,100,63491,1.2341606931909987e-16,5.58458e-14,1
Cytoplasm|stem,Cytoplasm,stem,GGGAGUUCCC,20,315,356,63491,2.538807466181496e-15,1.04437e-12,1
Cytoplasm|stem,Cytoplasm,stem,GCGCCGGCGU,16,315,194,63491,4.234788364346642e-15,1.59687e-12,1
Cytoplasm|stem,Cytoplasm,stem,AGUAUCUAGGUACU,10,315,40,63491,5.818684154331814e-15,2.02535e-12,1
Cytoplasm|stem,Cytoplasm,stem,UUCUCGAGGA,18,315,280,63491,6.328318584090009e-15,2.0454e-12,1
Cytoplasm|stem,Cytoplasm,stem,GAUGGCUGGUCGUC,14,315,148,63491,3.321878265250225e-14,1.0021e-11,1
Cytoplasm|stem,Cytoplasm,stem,GCGGGUCGACCUGC,8,315,24,63491,2.3051805490083247e-13,6.51934e-11,1
Cytoplasm|stem,Cytoplasm,stem,AGUGAAGCUUCACU,11,315,83,63491,4.4232226606041883e-13,1.17736e-10,1
Cytoplasm|stem,Cytoplasm,stem,AUGGAUGAUGUCAUCCAU,7,315,17,63491,1.2899766427493233e-12,3.24286e-10,1
Cytoplasm|stem,Cytoplasm,stem,ACUGUUGUAACAGU,7,315,20,63491,5.076696888221997e-12,1.20906e-09,1
Cytoplasm|stem,Cytoplasm,stem,UGAUAGGCUUGUCA,6,315,12,63491,1.2813592030412914e-11,2.89908e-09,1
Cytoplasm|loop,Cytoplasm,loop,UAGUUGU,34,315,562,63491,2.745601394634004e-26,7.89635e-23,1
Cytoplasm|loop,Cytoplasm,loop,ACGUUCCCCA,18,315,112,63491,3.7862429431053867e-22,5.44462e-19,1
Cytoplasm|loop,Cytoplasm,loop,CUAGUCCUC,14,315,57,63491,2.6005801229719458e-20,2.49309e-17,1
Cytoplasm|loop,Cytoplasm,loop,AUGAAUAA,21,315,239,63491,5.47255480392669e-20,3.93477e-17,1
Cytoplasm|loop,Cytoplasm,loop,AGGAGAG,14,315,104,63491,2.1818644057215436e-16,1.25501e-13,1
Cytoplasm|loop,Cytoplasm,loop,UUAAUAAAAC,9,315,27,63491,7.03794458069597e-15,3.37352e-12,1
Cytoplasm|loop,Cytoplasm,loop,UAAUGGAUGAU,14,315,148,63491,3.321878265250225e-14,1.36482e-11,1
Cytoplasm|loop,Cytoplasm,loop,GGAGCA,14,315,167,63491,1.7841224273718848e-13,6.41392e-11,1
Cytoplasm|loop,Cytoplasm,loop,CAGCACAU,6,315,11,63491,6.43362699153854e-12,1.85031e-09,1
Cytoplasm|loop,Cytoplasm,loop,UCAAAUUUA,6,315,11,63491,6.43362699153854e-12,1.85031e-09,1
Cytoplasm|loop,Cytoplasm,loop,GAAAACUAGAAAAAA,7,315,24,63491,2.2283817310890727e-11,5.82621e-09,1
Cytoplasm|loop,Cytoplasm,loop,UGUAGCC,14,315,244,63491,3.0686992111331823e-11,7.35465e-09,1
Cytoplasm|loop,Cytoplasm,loop,UACGAAAC,7,315,27,63491,5.6451215062663565e-11,1.24887e-08,1
Cytoplasm|loop,Cytoplasm,loop,UACAAAAUA,6,315,17,63491,1.6807624456729885e-10,3.45277e-08,1
Cytoplasm|loop,Cytoplasm,loop,AAUGCAC,8,315,53,63491,2.452118641523115e-10,4.70153e-08,1
Cytoplasm|loop,Cytoplasm,loop,GACAAACC,6,315,19,63491,3.6540933143414305e-10,6.56823e-08,1
Cytoplasm|loop,Cytoplasm,loop,GAACAAAGA,5,315,17,63491,1.7160099814654674e-08,2.90309e-06,1
Cytoplasm|loop,Cytoplasm,loop,CGAAGAGGAA,6,315,35,63491,2.044810476027869e-08,3.26715e-06,1
Cytoplasm|loop,Cytoplasm,loop,UUAGCAAG,6,315,38,63491,3.434576673903866e-08,5.19886e-06,1
Cytoplasm|loop,Cytoplasm,loop,AAAGAAAA,10,315,193,63491,5.486785084545344e-08,7.89e-06,1
ExtracellularVesicle|loop,ExtracellularVesicle,loop,AAAUUUUCUG,17,6007,17,63491,3.820865063926029e-18,1.65711e-13,1
ExtracellularVesicle|loop,ExtracellularVesicle,loop,AGGACGUG,13,6007,14,63491,6.144066178959163e-13,1.33234e-08,1
ExtracellularVesicle|loop,ExtracellularVesicle,loop,CAUUCGGAACU,11,6007,11,63491,5.392592860093466e-12,7.79589e-08,1
ExtracellularVesicle|loop,ExtracellularVesicle,loop,AAUGCUUAA,10,6007,10,63491,5.7083072761646376e-11,4.27254e-07,1
ExtracellularVesicle|loop,ExtracellularVesicle,loop,GUAAUUUUAAUAA,10,6007,10,63491,5.7083072761646376e-11,4.27254e-07,1
ExtracellularVesicle|loop,ExtracellularVesicle,loop,GAAAAGUUCAUUUUAAAUAAA,11,6007,12,63491,5.910818655363066e-11,4.27254e-07,1
ExtracellularVesicle|loop,ExtracellularVesicle,loop,UGUGGUUUU,13,6007,17,63491,7.93349753182463e-11,4.30095e-07,1
ExtracellularVesicle|loop,ExtracellularVesicle,loop,AUCUAUGCAAAC,13,6007,17,63491,7.93349753182463e-11,4.30095e-07,1
ExtracellularVesicle|loop,ExtracellularVesicle,loop,GCAGCAACAA,10,6007,11,63491,5.739878717771754e-10,2.01557e-06,1
ExtracellularVesicle|loop,ExtracellularVesicle,loop,UUUCACCUCAAUUUCUAUC,9,6007,9,63491,6.04159323950456e-10,2.01557e-06,1
ExtracellularVesicle|loop,ExtracellularVesicle,loop,CUGCCUAUU,9,6007,9,63491,6.04159323950456e-10,2.01557e-06,1
ExtracellularVesicle|loop,ExtracellularVesicle,loop,CUCACAUAUUUU,9,6007,9,63491,6.04159323950456e-10,2.01557e-06,1
ExtracellularVesicle|loop,ExtracellularVesicle,loop,GCUGAUAC,9,6007,9,63491,6.04159323950456e-10,2.01557e-06,1
ExtracellularVesicle|loop,ExtracellularVesicle,loop,AAAUACCA,19,6007,41,63491,1.0607690887847058e-09,3.28611e-06,1
ExtracellularVesicle|loop,ExtracellularVesicle,loop,UUUUGAUUU,13,6007,20,63491,1.9635740184847492e-09,5.67735e-06,1
ExtracellularVesicle|loop,ExtracellularVesicle,loop,AACCAAGG,10,6007,12,63491,3.1483862978948996e-09,8.53409e-06,1
ExtracellularVesicle|loop,ExtracellularVesicle,loop,CCAAGUAA,11,6007,15,63491,5.125860886158432e-09,1.10912e-05,1
ExtracellularVesicle|loop,ExtracellularVesicle,loop,UCAUCAUCACAAAU,8,6007,8,63491,6.393373289272678e-09,1.10912e-05,1
ExtracellularVesicle|loop,ExtracellularVesicle,loop,AGUGGGAA,8,6007,8,63491,6.393373289272678e-09,1.10912e-05,1
ExtracellularVesicle|loop,ExtracellularVesicle,loop,AGAAGAUAAGAAAA,8,6007,8,63491,6.393373289272678e-09,1.10912e-05,1
ExtracellularVesicle|stem,ExtracellularVesicle,stem,AUAAGUAAUAAUUAUUGCUUAU,19,6007,24,63491,9.044661158842016e-16,3.55971e-11,1
ExtracellularVesicle|stem,ExtracellularVesicle,stem,GUUACAUGCGUGUGAC,16,6007,18,63491,5.142419366976963e-15,1.01195e-10,1
ExtracellularVesicle|stem,ExtracellularVesicle,stem,GCAAUUCAUGAAUUGC,14,6007,15,63491,6.213050050832953e-14,8.1509e-10,1
ExtracellularVesicle|stem,ExtracellularVesicle,stem,CUAUUGCAAUAG,17,6007,23,63491,2.203886596291551e-13,2.16846e-09,1
ExtracellularVesicle|stem,ExtracellularVesicle,stem,UGUUUGCGCAGACA,15,6007,20,63491,4.184953575669334e-12,3.29414e-08,1
ExtracellularVesicle|stem,ExtracellularVesicle,stem,UUUAUUUUUAAGAAUAAA,11,6007,11,63491,5.392592860093466e-12,3.39842e-08,1
ExtracellularVesicle|stem,ExtracellularVesicle,stem,UUUAGUGCAUUAAA,12,6007,13,63491,6.044393563497656e-12,3.39842e-08,1
ExtracellularVesicle|stem,ExtracellularVesicle,stem,UCUCCAUCGGUGGAGG,13,6007,16,63491,2.0458264536113745e-11,1.00647e-07,1
ExtracellularVesicle|stem,ExtracellularVesicle,stem,AGUACAGAUUUGUAUU,10,6007,10,63491,5.7083072761646376e-11,1.9386e-07,1
ExtracellularVesicle|stem,ExtracellularVesicle,stem,CACCUUUAUAAAGGUG,10,6007,10,63491,5.7083072761646376e-11,1.9386e-07,1
ExtracellularVesicle|stem,ExtracellularVesicle,stem,CACCAGGUACCUGGUG,10,6007,10,63491,5.7083072761646376e-11,1.9386e-07,1
ExtracellularVesicle|stem,ExtracellularVesicle,stem,UGAGACAGUUGUUUCA,11,6007,12,63491,5.910818655363066e-11,1.9386e-07,1
ExtracellularVesicle|stem,ExtracellularVesicle,stem,ACUCAUAGGCCUGUGAGU,13,6007,17,63491,7.93349753182463e-11,2.08159e-07,1
ExtracellularVesicle|stem,ExtracellularVesicle,stem,AGUAAUAUAUUACU,13,6007,17,63491,7.93349753182463e-11,2.08159e-07,1
ExtracellularVesicle|stem,ExtracellularVesicle,stem,GUAUCAUGUGGUAU,13,6007,17,63491,7.93349753182463e-11,2.08159e-07,1
ExtracellularVesicle|stem,ExtracellularVesicle,stem,CAGAUGAUUGUCUG,9,6007,9,63491,6.04159323950456e-10,1.26699e-06,1
ExtracellularVesicle|stem,ExtracellularVesicle,stem,GCAGCUUUGAGGUUGC,9,6007,9,63491,6.04159323950456e-10,1.26699e-06,1
ExtracellularVesicle|stem,ExtracellularVesicle,stem,UUUCAGUAUAUUGAAA,9,6007,9,63491,6.04159323950456e-10,1.26699e-06,1
ExtracellularVesicle|stem,ExtracellularVesicle,stem,AGGAAGAAGAUUUUCUUCCU,12,6007,16,63491,6.43844289039177e-10,1.26699e-06,1
ExtracellularVesicle|stem,ExtracellularVesicle,stem,AGGACCUAGGUCCU,12,6007,16,63491,6.43844289039177e-10,1.26699e-06,1
Ribosome|loop,Ribosome,loop,GGGUUUGUGUUGAA,3,150,3,63491,1.2924783044222899e-08,1.73192e-05,1
Ribosome|loop,Ribosome,loop,CACCCAUCU,3,150,7,63491,4.4923383489999277e-07,0.000150493,1
Ribosome|loop,Ribosome,loop,UUAGUACAGAACAAAAU,3,150,7,63491,4.4923383489999277e-07,0.000150493,1
Ribosome|loop,Ribosome,loop,AUUAUAAAACCAG,3,150,7,63491,4.4923383489999277e-07,0.000150493,1
Ribosome|loop,Ribosome,loop,UUUUUCUUUAUAAAUUA,2,150,2,63491,5.544469937126132e-06,0.000742959,1
Ribosome|loop,Ribosome,loop,AAAAACAAAAAAAGUUC,2,150,2,63491,5.544469937126132e-06,0.000742959,1
Ribosome|loop,Ribosome,loop,UGUCAUGGUUAUU,2,150,2,63491,5.544469937126132e-06,0.000742959,1
Ribosome|loop,Ribosome,loop,ACAUUUUUAU,2,150,2,63491,5.544469937126132e-06,0.000742959,1
Ribosome|loop,Ribosome,loop,AAACAAGUGAACAAAG,2,150,2,63491,5.544469937126132e-06,0.000742959,1
Ribosome|loop,Ribosome,loop,AUGGUUUUC,2,150,2,63491,5.544469937126132e-06,0.000742959,1
Ribosome|loop,Ribosome,loop,GAAAACAGUUAAAAA,2,150,3,63491,1.660756024528995e-05,0.00158958,1
Ribosome|loop,Ribosome,loop,CCAAACAUCC,2,150,3,63491,1.660756024528995e-05,0.00158958,1
Ribosome|loop,Ribosome,loop,ACAGUAAUCAC,2,150,3,63491,1.660756024528995e-05,0.00158958,1
Ribosome|loop,Ribosome,loop,AAUUUACAAGUCA,2,150,3,63491,1.660756024528995e-05,0.00158958,1
Ribosome|loop,Ribosome,loop,UAUAAAAA,3,150,25,63491,2.8612971310777323e-05,0.00185163,1
Ribosome|loop,Ribosome,loop,ACUAUUUAA,2,150,4,63491,3.316351113646064e-05,0.00185163,1
Ribosome|loop,Ribosome,loop,AUGAAAAAUCG,2,150,4,63491,3.316351113646064e-05,0.00185163,1
Ribosome|loop,Ribosome,loop,ACUCCAAC,2,150,4,63491,3.316351113646064e-05,0.00185163,1
Ribosome|loop,Ribosome,loop,GUGCGUA,2,150,4,63491,3.316351113646064e-05,0.00185163,1
Ribosome|loop,Ribosome,loop,UCUCACUAUGUU,2,150,4,63491,3.316351113646064e-05,0.00185163,1
Mitochondrion|loop,Mitochondrion,loop,AAUGAGAAUCACC,3,242,3,63491,5.469248661020627e-08,4.41822e-05,1
Mitochondrion|loop,Mitochondrion,loop,GGGUUUGUGUUGAA,3,242,3,63491,5.469248661020627e-08,4.41822e-05,1
Mitochondrion|loop,Mitochondrion,loop,UACGAAAC,5,242,27,63491,5.81855679638635e-08,4.41822e-05,1
Mitochondrion|loop,Mitochondrion,loop,AACCUGUC,3,242,6,63491,1.0846124679195224e-06,0.000482877,1
Mitochondrion|loop,Mitochondrion,loop,AAAAUGACACUA,3,242,6,63491,1.0846124679195224e-06,0.000482877,1
Mitochondrion|loop,Mitochondrion,loop,UUAGUACAGAACAAAAU,3,242,7,63491,1.8927156975806368e-06,0.000482877,1
Mitochondrion|loop,Mitochondrion,loop,AUUAUAAAACCAG,3,242,7,63491,1.8927156975806368e-06,0.000482877,1
Mitochondrion|loop,Mitochondrion,loop,CACCCAUCU,3,242,7,63491,1.8927156975806368e-06,0.000482877,1
Mitochondrion|loop,Mitochondrion,loop,AAUGCAC,5,242,53,63491,1.907768385130383e-06,0.000482877,1
Mitochondrion|loop,Mitochondrion,loop,UUAAUAAAAC,4,242,27,63491,3.372458455422452e-06,0.000768246,1
Mitochondrion|loop,Mitochondrion,loop,CCCCUUUU,3,242,10,63491,6.434549077590297e-06,0.000890773,1
Mitochondrion|loop,Mitochondrion,loop,UAUAGUG,3,242,11,63491,8.822556090308299e-06,0.000890773,1
Mitochondrion|loop,Mitochondrion,loop,GCCUCAACUCCUCCUUUUAAAUUUUUUAAUAAAGA,3,242,11,63491,8.822556090308299e-06,0.000890773,1
Mitochondrion|loop,Mitochondrion,loop,CCUCCCCCUCCUCUUUC,2,242,2,63491,1.446821367664744e-05,0.000890773,1
Mitochondrion|loop,Mitochondrion,loop,CCUUUCCCUCCUCCCCUUCUUCC,2,242,2,63491,1.446821367664744e-05,0.000890773,1
Mitochondrion|loop,Mitochondrion,loop,AUCUGAUUUCAA,2,242,2,63491,1.446821367664744e-05,0.000890773,1
Mitochondrion|loop,Mitochondrion,loop,CCUUCAUG,2,242,2,63491,1.446821367664744e-05,0.000890773,1
Mitochondrion|loop,Mitochondrion,loop,UGUCAUGGUUAUU,2,242,2,63491,1.446821367664744e-05,0.000890773,1
Mitochondrion|loop,Mitochondrion,loop,CAAUAGAUAC,2,242,2,63491,1.446821367664744e-05,0.000890773,1
Mitochondrion|loop,Mitochondrion,loop,UUUUUCUUUAUAAAUUA,2,242,2,63491,1.446821367664744e-05,0.000890773,1
Mitochondrion|stem,Mitochondrion,stem,UGGACUUCAGCCGGCUGGAGUUCA,4,242,11,63491,6.653037700895366e-08,0.000237247,1
Mitochondrion|stem,Mitochondrion,stem,CCUCCUUGUAAGGGGG,3,242,4,63491,2.181522783318987e-07,0.00025931,1
Mitochondrion|stem,Mitochondrion,stem,GGAGUGAAUAUUCACUCC,3,242,4,63491,2.181522783318987e-07,0.00025931,1
Mitochondrion|stem,Mitochondrion,stem,AUCUAUCGAUGGAU,3,242,5,63491,5.438411565845678e-07,0.000387868,1
Mitochondrion|stem,Mitochondrion,stem,GUGUUGAUCAACAU,3,242,5,63491,5.438411565845678e-07,0.000387868,1
Mitochondrion|stem,Mitochondrion,stem,UGUUGGCCAACA,6,242,81,63491,7.364117413188862e-07,0.000437674,1
Mitochondrion|stem,Mitochondrion,stem,AAAUAUACGUAUGUUU,3,242,6,63491,1.0846124679195224e-06,0.000552533,1
Mitochondrion|stem,Mitochondrion,stem,GAGUCUGUAGACUC,3,242,7,63491,1.8927156975806368e-06,0.000843678,1
Mitochondrion|stem,Mitochondrion,stem,GCUGGGAUCCCAGC,6,242,123,63491,8.438655042334791e-06,0.00135773,1
Mitochondrion|stem,Mitochondrion,stem,GGCCAGGUCUGGUU,3,242,11,63491,8.822556090308299e-06,0.00135773,1
Mitochondrion|stem,Mitochondrion,stem,AUUUUUCGAAAAGU,3,242,11,63491,8.822556090308299e-06,0.00135773,1
Mitochondrion|stem,Mitochondrion,stem,AGAAAUCGAUUUCU,3,242,11,63491,8.822556090308299e-06,0.00135773,1
Mitochondrion|stem,Mitochondrion,stem,UGCCCCUAGGGGCA,3,242,12,63491,1.1730242616955873e-05,0.00135773,1
Mitochondrion|stem,Mitochondrion,stem,CAGAGUACUUUG,4,242,38,63491,1.3724960429661773e-05,0.00135773,1
Mitochondrion|stem,Mitochondrion,stem,CUUAAUGGCGUUAUUGGG,2,242,2,63491,1.446821367664744e-05,0.00135773,1
Mitochondrion|stem,Mitochondrion,stem,UCUAAAUAUUUAGG,2,242,2,63491,1.446821367664744e-05,0.00135773,1
Mitochondrion|stem,Mitochondrion,stem,UCUUCUGCGCAGAGGA,2,242,2,63491,1.446821367664744e-05,0.00135773,1
Mitochondrion|stem,Mitochondrion,stem,CGGCUGCUGGCAGCCG,2,242,2,63491,1.446821367664744e-05,0.00135773,1
Mitochondrion|stem,Mitochondrion,stem,UCGCUGUACAGUGG,2,242,2,63491,1.446821367664744e-05,0.00135773,1
Mitochondrion|stem,Mitochondrion,stem,UGCUGGUACCGGCA,2,242,2,63491,1.446821367664744e-05,0.00135773,1
Ribosome|stem,Ribosome,stem,GUGUUGAUCAACAU,3,150,5,63491,1.2879935307632108e-07,0.000157715,1
Ribosome|stem,Ribosome,stem,AUCUAUCGAUGGAU,3,150,5,63491,1.2879935307632108e-07,0.000157715,1
Ribosome|stem,Ribosome,stem,UCGGGGCGCUCCGA,3,150,6,63491,2.5715146598155154e-07,0.000209921,1
Ribosome|stem,Ribosome,stem,AUUUUUCGAAAAGU,3,150,11,63491,2.1031524889191545e-06,0.000742364,1
Ribosome|stem,Ribosome,stem,UGCUGGUACCGGCA,2,150,2,63491,5.544469937126132e-06,0.000742364,1
Ribosome|stem,Ribosome,stem,GGCGCCUGGGUGUU,2,150,2,63491,5.544469937126132e-06,0.000742364,1
Ribosome|stem,Ribosome,stem,UCGCUGUACAGUGG,2,150,2,63491,5.544469937126132e-06,0.000742364,1
Ribosome|stem,Ribosome,stem,GGGGGUAGCUGCCCCU,2,150,2,63491,5.544469937126132e-06,0.000742364,1
Ribosome|stem,Ribosome,stem,UACUCCUGCGUGGGGGUA,2,150,2,63491,5.544469937126132e-06,0.000742364,1
Ribosome|stem,Ribosome,stem,GGUAGGCCUGUC,2,150,2,63491,5.544469937126132e-06,0.000742364,1
Ribosome|stem,Ribosome,stem,UUGGAAGUGCUUCCAG,2,150,2,63491,5.544469937126132e-06,0.000742364,1
Ribosome|stem,Ribosome,stem,CUUAAUGGCGUUAUUGGG,2,150,2,63491,5.544469937126132e-06,0.000742364,1
Ribosome|stem,Ribosome,stem,UUCCUGCAGCCGGUUGCGGGAA,2,150,2,63491,5.544469937126132e-06,0.000742364,1
Ribosome|stem,Ribosome,stem,UGGAAGAUGUCUUCCG,2,150,2,63491,5.544469937126132e-06,0.000742364,1
Ribosome|stem,Ribosome,stem,CGGGUCGGCUCG,2,150,2,63491,5.544469937126132e-06,0.000742364,1
Ribosome|stem,Ribosome,stem,AGGAGAUCGAUCUCCU,2,150,2,63491,5.544469937126132e-06,0.000742364,1
Ribosome|stem,Ribosome,stem,CCUGUUAUAGUGGG,2,150,2,63491,5.544469937126132e-06,0.000742364,1
Ribosome|stem,Ribosome,stem,GUCGGGUACCUGAC,2,150,2,63491,5.544469937126132e-06,0.000742364,1
Ribosome|stem,Ribosome,stem,UUGUCGACGG,3,150,15,63491,5.759461409152791e-06,0.000742364,1
Ribosome|stem,Ribosome,stem,GUCCUGGCCAGGAU,3,150,18,63491,1.0275411015221179e-05,0.00125822,1
